TOWN,15TOTAL,15MTOTAL,15M0004,15M0509,15M1014,15M1519,15M2024,15M2529,15M3034,15M3539,15M4044,15M4549,15M5054,15M5559,15M6064,15M6569,15M7074,15M7579,15M8084,15M8589,15M90OV,15FTOTAL,15F0004,15F0509,15F1014,15F1519,15F2024,15F2529,15F3034,15F3539,15F4044,15F4549,15F5054,15F5559,15F6064,15F6569,15F7074,15F7579,15F8084,15F8589,15F90OV,20TOTAL,20MTOTAL,20M0004,20M0509,20M1014,20M1519,20M2024,20M2529,20M3034,20M3539,20M4044,20M4549,20M5054,20M5559,20M6064,20M6569,20M7074,20M7579,20M8084,20M8589,20M90OV,20FTOTAL,20F0004,20F0509,20F1014,20F1519,20F2024,20F2529,20F3034,20F3539,20F4044,20F4549,20F5054,20F5559,20F6064,20F6569,20F7074,20F7579,20F8084,20F8589,20F90OV,25TOTAL,25MTOTAL,25M0004,25M0509,25M1014,25M1519,25M2024,25M2529,25M3034,25M3539,25M4044,25M4549,25M5054,25M5559,25M6064,25M6569,25M7074,25M7579,25M8084,25M8589,25M90OV,25FTOTAL,25F0004,25F0509,25F1014,25F1519,25F2024,25F2529,25F3034,25F3539,25F4044,25F4549,25F5054,25F5559,25F6064,25F6569,25F7074,25F7579,25F8084,25F8589,25F90OV
Andover town,3354,1695,53,86,143,151,131,56,52,71,114,140,161,184,136,86,54,33,17,17,10,1659,50,78,102,125,112,33,39,84,129,173,163,190,142,103,54,35,21,14,12,3382,1697,49,57,94,150,143,112,51,64,81,122,143,158,177,122,77,45,26,13,13,1685,47,58,81,113,115,83,29,59,102,137,180,163,187,135,94,46,29,15,12,3398,1692,59,53,65,101,142,123,106,63,74,88,125,140,151,161,111,65,35,18,12,1706,57,55,61,92,103,86,79,49,76,110,144,180,160,178,124,82,37,20,13
Ansonia town,19714,9533,574,603,625,721,648,552,687,651,580,671,732,704,553,427,325,200,142,96,42,10181,541,586,630,585,633,664,802,656,578,713,808,719,615,507,368,264,206,185,121,20169,9782,592,566,601,648,704,637,612,714,634,571,653,713,683,513,386,271,151,86,47,10387,556,556,584,625,567,685,741,804,634,570,695,798,722,580,467,321,214,142,126,20571,9995,589,584,564,625,631,693,697,639,697,625,555,636,692,636,465,324,206,93,44,10576,552,571,553,578,606,620,763,744,781,625,553,686,799,683,535,410,261,150,106
Ashford town,4413,2176,97,115,136,170,129,115,114,120,126,156,218,209,191,122,68,44,23,13,10,2237,91,133,129,141,132,130,100,102,146,210,207,203,181,111,84,58,33,30,16,4483,2209,96,105,129,145,153,121,113,107,120,131,169,226,207,171,102,56,33,15,10,2274,90,100,146,137,133,112,126,93,117,158,214,207,195,168,101,79,50,26,22,4521,2228,96,104,119,138,128,144,119,106,107,125,144,178,224,187,147,87,43,21,11,2293,90,99,113,154,129,114,108,119,108,130,163,214,198,182,154,93,67,37,21
Avon town,18904,9143,267,498,869,921,534,79,252,354,577,871,866,860,624,572,323,273,202,133,68,9761,245,450,839,891,489,81,229,404,742,899,983,824,733,570,378,308,265,220,211,19665,9538,264,349,655,978,803,397,90,341,487,719,942,884,826,574,498,282,225,142,82,10127,242,313,616,949,762,364,94,328,576,877,959,992,806,671,513,349,277,212,227,20403,9926,353,346,506,764,860,644,390,180,475,630,793,959,849,765,500,433,233,156,90,10477,326,310,478,726,820,612,347,193,499,712,937,968,971,741,607,471,310,220,229
Barkhamsted town,3881,1983,59,100,174,158,122,27,48,70,118,210,204,183,181,133,83,56,30,21,6,1898,50,72,126,146,134,17,33,95,153,187,181,184,163,128,101,57,41,13,17,3935,2015,52,72,121,194,141,85,18,57,92,140,222,204,182,171,120,71,43,20,10,1920,45,56,81,145,136,94,15,50,119,169,192,182,177,157,122,91,47,27,15,3969,2037,66,65,93,140,177,104,71,28,79,114,153,221,202,172,155,103,55,28,11,1932,58,51,65,99,135,96,85,32,75,136,175,193,175,171,149,110,74,32,21
Beacon Falls town,6376,3175,141,183,203,226,185,147,164,171,222,281,282,281,194,192,143,83,44,18,15,3201,130,152,211,225,175,123,156,204,225,268,279,268,202,210,167,85,58,38,25,6648,3303,139,146,196,211,217,171,151,181,193,232,293,280,277,196,183,131,65,28,13,3345,125,139,169,236,212,156,131,187,220,235,270,277,270,209,208,153,75,43,30,6879,3405,147,144,158,204,202,203,175,168,203,204,245,291,277,273,187,165,101,41,17,3474,137,135,156,195,224,194,164,161,203,230,237,268,279,275,207,190,130,55,34
Berlin town,20531,9960,381,479,748,762,561,342,380,473,621,791,909,867,823,644,423,277,221,169,89,10571,363,474,596,691,496,337,413,489,690,849,941,987,873,697,507,353,332,308,175,21017,10201,368,432,565,819,685,445,307,442,565,701,834,911,864,793,601,377,229,157,106,10816,350,399,532,649,604,388,330,499,601,767,897,965,1003,865,681,470,319,267,230,21390,10382,374,420,518,635,741,569,411,369,534,646,745,837,906,832,737,532,308,163,105,11008,355,386,456,585,562,496,381,416,611,679,816,921,981,990,838,628,418,257,232
Bethany town,5761,2925,85,139,239,249,229,78,78,103,179,257,313,295,229,158,126,71,44,35,18,2836,76,139,201,230,152,38,64,130,199,276,299,272,258,170,118,70,62,55,27,5909,3014,76,111,172,264,232,185,63,97,141,219,287,319,280,210,145,107,55,29,22,2895,67,93,178,226,193,100,30,90,176,235,297,295,264,246,156,107,59,45,38,6040,3095,90,102,144,197,247,187,168,81,135,182,249,294,303,258,193,124,83,37,21,2945,80,84,132,203,190,141,85,55,136,213,257,293,286,252,227,140,90,43,38
Bethel town,18630,9056,426,558,634,674,567,402,457,497,604,743,794,814,670,454,303,185,134,88,52,9574,415,483,598,660,517,313,491,653,661,764,948,792,650,537,358,224,223,168,119,18503,8971,386,447,583,643,589,464,379,498,558,617,728,777,769,603,384,251,144,93,58,9532,378,422,515,609,554,410,340,582,692,679,758,933,742,602,481,322,199,177,137,18267,8829,377,407,472,593,559,486,440,420,559,571,604,713,734,697,521,320,195,99,62,9438,370,385,455,526,503,446,437,432,622,710,674,746,881,690,542,431,279,159,150
Bethlehem town,3678,1829,52,72,111,145,124,68,46,66,109,143,173,201,185,143,98,37,26,21,9,1849,49,71,97,127,131,27,41,76,113,158,185,164,217,149,82,59,52,33,18,3708,1858,46,59,89,124,133,102,56,60,84,127,154,181,199,174,131,83,28,17,11,1850,43,54,85,114,113,90,11,55,96,133,168,182,176,202,139,75,52,39,23,3722,1878,52,53,77,103,113,111,90,71,78,102,138,163,180,186,158,111,63,18,11,1844,50,48,67,102,100,72,74,26,76,116,144,166,194,163,188,127,66,38,27
Bloomfield town,20846,9390,441,404,530,628,572,502,539,481,490,559,678,709,746,628,485,353,293,214,138,11456,413,388,436,588,559,448,521,608,636,687,884,1026,970,924,653,543,423,393,356,21084,9522,434,434,443,566,589,525,510,579,504,511,570,708,744,718,587,437,298,207,158,11562,407,389,401,467,556,506,483,591,655,670,739,954,1076,959,882,612,476,350,389,21215,9600,430,427,473,478,527,542,533,550,601,525,523,602,743,715,669,525,365,210,162,11615,403,383,402,432,434,503,541,553,637,689,722,811,1006,1061,914,818,535,388,383
Bolton town,4953,2466,87,141,152,208,148,103,83,97,155,167,225,273,208,145,111,83,41,30,9,2487,78,123,163,222,118,72,65,133,142,204,246,258,211,160,114,75,48,37,18,4882,2444,81,109,155,171,184,109,92,96,121,162,177,223,257,180,127,95,64,26,15,2438,71,94,143,180,187,74,58,89,153,151,202,242,244,197,141,99,59,31,23,4794,2412,85,103,123,174,147,145,98,105,120,129,173,176,209,227,159,109,73,42,15,2382,76,87,114,160,145,140,61,82,109,162,150,198,228,229,177,124,79,38,23
Bozrah town,2772,1397,49,63,91,84,85,67,86,65,94,122,121,142,89,82,64,33,35,20,5,1375,51,70,87,101,81,43,61,75,82,122,132,124,111,70,70,32,27,19,17,2899,1452,49,58,71,98,82,79,72,93,81,103,125,129,135,83,75,57,30,23,9,1447,51,63,86,98,97,68,44,71,90,91,130,135,125,108,68,61,26,21,14,3019,1503,58,58,66,78,96,76,84,79,108,90,106,134,122,126,76,66,48,21,11,1516,56,63,79,96,94,84,70,55,85,98,100,133,135,120,104,59,50,21,14
Branford town,27764,13040,645,587,623,783,650,576,861,773,674,814,1040,1241,1098,933,646,411,302,236,147,14724,608,513,638,776,627,617,906,838,644,971,1273,1427,1247,1114,807,532,457,407,322,27346,12819,631,620,571,637,673,570,654,907,734,615,784,1043,1212,1050,856,556,328,214,164,14527,595,613,517,641,668,595,736,959,774,608,976,1282,1409,1208,1038,728,464,357,359,26718,12486,589,606,604,584,527,593,648,701,866,674,589,794,1022,1157,963,737,440,231,161,14232,552,600,617,520,533,636,714,789,895,739,617,989,1267,1364,1125,934,629,363,349
Bridgeport town,147710,71994,5581,5174,4367,4447,5626,7063,6392,5239,4591,4669,4741,4407,3223,2358,1642,951,715,531,277,75716,5296,4887,4363,4370,5839,6977,6374,5385,4589,4988,4810,4607,3615,3046,2105,1552,1198,947,768,150764,73718,5581,5237,4659,3970,4560,6155,7252,6238,4988,4373,4556,4620,4048,2815,1967,1231,669,479,320,77046,5296,4970,4494,3971,4688,6393,7267,6151,4985,4387,4760,4669,4372,3295,2707,1736,1229,849,827,152857,74900,5311,5237,4722,4262,4087,5099,6350,7087,5971,4763,4267,4443,4246,3552,2369,1493,880,447,314,77957,5040,4970,4577,4101,4289,5243,6683,7042,5746,4779,4169,4619,4430,4014,2939,2263,1380,872,801
Bridgewater town,1663,830,13,29,57,67,53,3,8,23,25,66,89,86,68,71,67,44,37,19,5,833,14,41,46,57,20,0,13,24,52,76,71,94,55,94,74,39,23,25,15,1576,784,10,16,40,67,57,28,0,9,22,36,70,91,79,64,61,61,38,25,10,792,10,20,48,49,41,5,0,16,38,60,77,67,84,53,86,65,34,19,20,1460,720,10,13,27,50,58,30,17,1,9,33,41,72,84,74,55,56,51,25,14,740,11,16,27,51,32,21,2,4,29,47,62,74,58,81,48,76,55,27,19
Bristol town,60807,29300,1734,1711,1780,1948,1723,1724,2335,2008,1861,2019,2171,2330,1784,1460,993,648,510,349,212,31507,1652,1628,1661,1792,1501,1893,2523,1966,1958,2154,2427,2430,1997,1733,1207,925,830,683,547,60956,29365,1728,1707,1692,1791,1788,1719,1966,2389,1924,1695,1895,2061,2195,1650,1274,835,492,336,228,31591,1646,1602,1606,1643,1624,1564,2204,2555,1907,1865,2099,2384,2335,1894,1582,1086,781,622,592,60704,29211,1601,1701,1688,1703,1632,1784,1961,2021,2302,1758,1577,1791,1936,2038,1449,1078,640,325,226,31493,1525,1596,1579,1588,1475,1688,1876,2237,2495,1815,1814,2062,2290,2218,1734,1420,917,589,575
Brookfield town,16635,8045,303,434,616,737,543,251,306,387,487,637,798,762,618,390,313,197,135,87,44,8590,288,466,612,678,475,258,293,401,567,803,892,754,549,490,391,238,164,174,97,16705,8067,297,346,510,681,630,423,236,359,451,538,663,797,706,540,331,259,151,94,55,8638,282,333,542,652,573,374,245,352,496,645,826,873,699,494,447,341,197,139,128,16741,8068,328,340,421,575,574,510,407,290,423,503,565,664,738,623,470,274,197,105,61,8673,313,327,409,582,547,466,360,304,447,575,670,808,815,638,451,391,282,165,123
Brooklyn town,8671,4430,182,230,297,297,245,257,307,317,345,372,404,328,269,194,141,118,57,41,29,4241,168,211,284,303,250,163,184,279,326,326,314,360,285,204,186,152,108,65,73,9079,4632,181,196,275,331,287,241,284,338,341,350,384,396,324,246,172,123,93,42,28,4447,166,183,235,317,287,219,177,234,317,350,335,332,362,273,198,179,132,83,68,9474,4824,199,195,241,309,321,283,268,315,361,346,362,376,390,299,220,149,96,66,28,4650,183,181,208,269,302,256,233,228,273,341,358,352,334,347,262,191,155,101,76
Burlington town,9618,4874,145,297,423,474,318,91,101,217,357,526,519,426,361,251,200,77,54,28,9,4744,130,236,420,433,244,56,88,245,386,520,538,436,330,282,175,84,68,41,32,9858,4992,128,171,347,466,432,231,61,148,295,426,555,515,398,325,220,167,58,35,14,4866,115,154,295,458,380,153,48,145,327,444,545,521,414,301,254,159,68,50,35,10071,5101,162,154,221,390,424,345,200,108,227,365,457,551,483,360,288,184,127,37,18,4970,147,139,213,333,405,288,130,104,227,385,469,528,497,382,272,229,130,51,41
Canaan town,1233,601,18,20,35,33,32,23,25,25,31,54,56,44,58,47,28,27,16,14,15,632,19,25,34,29,26,26,30,22,28,30,55,64,47,49,30,23,19,29,47,1224,607,18,18,24,39,32,26,19,27,31,39,56,57,44,58,45,23,23,13,15,617,19,19,28,31,26,22,24,33,24,26,33,54,64,49,48,26,21,24,46,1205,605,16,18,22,28,38,26,22,21,33,38,41,56,57,45,55,37,19,18,15,600,14,19,21,26,29,22,20,27,35,22,30,33,54,65,48,42,24,25,44
Canterbury town,5332,2674,106,133,196,211,175,94,98,167,173,196,251,232,216,189,119,49,42,22,5,2658,101,110,154,188,174,89,100,133,209,212,272,260,229,190,100,62,34,23,18,5483,2738,101,122,155,220,196,130,75,118,193,185,208,241,230,212,174,101,41,27,9,2745,96,106,124,178,187,140,78,120,156,226,221,269,266,228,174,88,47,22,19,5607,2782,112,117,144,179,204,150,110,95,145,204,196,199,238,225,195,148,81,27,13,2825,107,101,119,148,177,153,129,98,144,174,235,219,275,263,210,154,69,32,18
Canton town,10846,5255,190,286,408,426,296,151,221,244,328,473,457,481,394,325,260,128,100,63,24,5591,190,346,415,398,226,116,224,286,396,491,496,472,419,361,241,177,137,108,92,11279,5472,180,219,344,449,380,243,163,257,292,381,497,468,473,385,302,226,107,71,35,5807,177,236,396,444,337,172,139,292,344,440,501,495,473,407,347,224,165,113,105,11653,5652,197,208,278,386,402,327,254,199,305,346,406,507,461,460,357,262,181,75,41,6001,194,223,286,426,384,283,195,207,350,388,451,501,496,459,390,319,205,133,111
Chaplin town,2293,1186,43,65,53,68,58,88,78,42,84,101,118,108,95,62,49,38,16,14,6,1107,46,62,51,63,59,58,58,46,81,95,109,114,75,57,48,37,23,16,9,2262,1175,43,46,62,49,58,64,87,73,47,90,101,114,101,87,60,43,30,13,7,1087,44,45,63,47,57,56,53,56,46,79,97,109,104,72,53,45,32,18,11,2202,1150,40,46,42,57,39,64,63,82,78,53,90,98,107,93,82,53,34,22,7,1052,41,43,46,59,41,54,50,51,56,45,82,96,98,99,67,49,38,24,13
Cheshire town,29275,15190,463,715,1060,1791,1229,695,589,767,1038,1313,1307,1176,1001,777,473,286,221,167,122,14085,466,766,1109,1161,621,254,456,659,1057,1338,1322,1236,944,811,504,382,357,366,276,29122,15102,423,548,846,1701,1387,971,527,645,890,1117,1326,1235,1076,846,643,408,228,155,130,14020,426,571,895,1164,921,396,279,579,886,1193,1373,1260,1107,838,695,462,352,307,316,28930,14990,458,508,679,1487,1297,1129,804,582,768,970,1133,1253,1132,917,706,556,323,160,128,13940,461,531,700,950,924,683,416,402,807,1023,1229,1310,1130,994,720,633,420,305,302
Chester town,3996,1873,64,76,93,140,88,53,71,60,86,137,193,198,195,165,107,46,30,37,34,2123,61,86,118,147,84,66,81,73,89,176,183,199,187,146,104,59,54,110,100,3973,1867,64,71,74,103,127,71,47,74,66,92,145,198,203,191,152,93,36,25,35,2106,61,62,93,125,125,68,70,86,74,103,179,185,212,183,141,97,61,68,113,3946,1850,67,71,70,84,90,108,65,50,79,72,101,151,203,198,176,132,73,29,31,2096,66,62,69,101,104,108,72,75,88,89,106,181,198,207,175,130,92,74,99
Clinton town,13125,6368,264,385,425,423,333,214,305,360,399,519,572,525,498,415,292,196,125,75,43,6757,250,340,392,416,296,224,291,351,460,533,586,610,592,505,372,230,147,98,64,12841,6208,233,279,383,424,349,256,208,338,372,402,506,565,507,466,368,260,157,87,48,6633,219,267,339,388,331,224,220,335,379,453,528,593,611,563,481,335,191,103,73,12417,5979,216,248,276,381,350,272,249,241,350,375,390,502,546,475,415,325,207,107,54,6438,205,236,266,334,303,259,220,263,363,372,449,536,594,581,535,432,277,135,78
Colchester town,16543,8178,342,520,638,690,550,297,367,460,535,708,794,778,483,395,273,150,101,60,37,8365,324,463,588,713,477,280,355,477,596,779,792,756,524,427,281,181,142,109,101,16925,8385,340,383,549,665,611,463,321,438,508,559,709,784,749,464,370,240,122,68,42,8540,322,374,492,608,624,386,303,428,524,610,768,778,754,519,413,263,155,116,103,17242,8551,370,381,412,576,586,523,486,393,486,532,563,700,754,715,433,322,190,83,46,8691,349,372,403,512,519,532,408,376,475,539,601,753,776,741,498,381,223,124,109
Colebrook town,1480,740,24,26,34,47,63,17,18,25,42,68,78,81,72,57,40,16,14,10,8,740,26,29,42,69,34,13,39,30,49,58,79,70,72,48,32,24,15,6,5,1467,726,24,23,23,37,44,50,12,18,31,50,74,78,79,71,52,32,11,9,8,741,21,27,35,46,60,21,20,44,36,50,62,79,70,71,42,26,19,8,4,1443,701,24,23,19,25,33,30,45,13,24,39,56,73,75,77,65,42,23,7,8,742,26,22,32,38,37,47,28,25,51,37,53,62,79,69,64,35,21,12,4
Columbia town,5665,2747,104,122,165,200,141,92,96,113,173,232,278,260,238,187,144,92,58,35,17,2918,101,125,173,179,184,80,99,169,192,231,302,280,227,206,150,92,51,46,31,5793,2796,100,110,137,172,171,111,85,113,139,201,248,277,257,227,179,130,76,40,23,2997,97,109,137,180,157,149,88,131,196,209,245,307,276,225,201,136,77,41,36,5875,2820,110,106,124,143,144,141,103,102,139,168,217,247,273,244,215,160,105,52,27,3055,106,105,121,144,158,121,156,119,158,213,223,250,302,271,218,182,114,59,35
Cornwall town,1384,689,11,24,39,48,42,17,18,11,27,50,69,75,72,70,46,24,23,16,7,695,11,20,47,52,30,5,14,19,41,58,66,63,84,56,37,42,25,16,9,1335,665,8,10,30,44,38,29,13,18,15,33,56,67,80,71,67,40,20,16,10,670,9,11,27,51,39,15,4,18,25,48,57,65,66,83,53,36,35,18,10,1265,629,10,7,15,34,34,23,25,13,21,21,39,54,72,78,68,58,32,15,10,636,10,9,18,31,39,23,12,8,23,32,47,56,68,65,78,50,30,25,12
Coventry town,12780,6463,278,355,409,506,407,350,283,360,454,521,642,576,452,367,256,115,68,42,22,6317,256,342,393,450,320,236,309,382,484,544,602,592,492,363,230,131,80,71,40,13024,6573,266,283,380,433,472,362,345,318,400,471,529,642,551,424,330,212,85,44,26,6451,246,277,366,411,397,252,254,372,428,497,546,609,579,467,333,205,102,60,50,13188,6635,268,271,308,404,400,427,357,380,358,418,479,532,615,517,383,275,159,56,28,6553,248,267,300,383,359,330,270,317,418,442,500,555,596,551,431,297,164,76,49
Cromwell town,14470,7055,346,388,456,488,354,241,540,483,471,537,534,580,473,434,222,154,159,122,73,7415,318,328,390,450,354,240,496,512,452,574,600,633,572,421,294,182,201,195,203,14853,7258,331,357,432,501,446,325,314,602,507,466,527,529,552,438,389,194,144,118,86,7595,305,308,352,430,407,318,325,569,526,477,592,610,626,547,389,264,170,174,206,15169,7417,324,342,401,476,458,416,398,377,626,502,457,523,503,512,392,339,174,110,87,7752,298,295,332,392,388,372,403,398,582,550,496,603,603,599,507,348,238,153,195
Danbury town,84146,41279,2994,2592,2086,2145,2994,3682,3731,3484,2971,2936,2758,2606,2123,1598,987,611,491,340,150,42867,2850,2413,2108,2015,2905,3511,3722,3389,2878,3001,2975,2696,2411,1843,1294,933,716,638,569,87490,42899,3149,2792,2362,2007,2518,3511,4048,3850,3353,2759,2688,2580,2388,1856,1312,775,445,345,161,44591,2998,2648,2219,2036,2369,3453,3946,3824,3233,2732,2824,2828,2566,2207,1659,1114,739,542,654,90591,44399,3136,2947,2561,2283,2381,3038,3878,4167,3717,3138,2516,2513,2363,2100,1547,1060,573,314,167,46192,2985,2795,2454,2147,2390,2917,3888,4048,3665,3084,2557,2678,2695,2357,2004,1444,880,562,642
Darien town,20732,10210,316,988,1341,1221,566,19,156,438,882,986,931,770,532,363,278,164,107,93,59,10522,305,941,1165,1056,538,29,185,557,1028,1065,1004,788,529,350,337,209,184,157,95,20730,10224,289,455,1144,1354,979,354,35,285,657,984,972,868,685,441,273,210,114,66,59,10506,278,430,1071,1172,818,368,37,368,784,1113,1048,926,695,427,288,282,167,125,109,20701,10209,380,428,611,1158,1113,725,305,164,505,762,969,908,778,585,345,206,150,71,46,10492,364,403,560,1078,934,609,342,220,595,871,1095,969,830,587,359,237,227,115,97
Deep River town,4581,2283,92,120,142,146,148,62,94,139,151,215,208,190,186,166,100,56,34,22,12,2298,88,110,139,132,89,62,115,134,169,197,194,195,190,179,113,58,67,36,31,4488,2241,78,91,124,154,131,100,57,111,149,161,219,201,182,178,147,83,41,21,13,2247,74,87,112,134,103,59,75,124,152,165,197,189,194,191,167,97,50,45,32,4346,2172,68,77,95,135,140,84,95,73,120,158,166,212,192,175,158,123,62,26,13,2174,67,73,90,107,104,72,72,84,142,148,165,192,188,195,178,145,82,34,36
Derby town,13239,6351,386,389,363,357,369,436,561,393,377,453,451,515,380,332,229,150,110,66,34,6888,382,418,314,320,368,477,579,389,417,454,520,487,415,373,278,224,179,154,140,13580,6510,410,385,371,361,332,413,507,564,353,340,431,457,503,367,300,198,113,71,34,7070,403,387,399,300,322,435,557,568,374,403,446,521,485,402,351,252,192,136,137,13855,6624,395,409,366,368,337,376,483,510,524,316,320,438,447,483,332,259,151,73,37,7231,389,408,368,385,302,389,516,547,552,361,395,448,518,468,379,317,215,147,127
Durham town,7623,3799,122,209,336,351,238,70,81,155,286,387,365,363,286,200,165,81,48,38,18,3824,112,208,282,355,236,45,99,167,312,377,410,325,254,209,162,88,83,63,37,7803,3884,116,155,252,372,306,149,51,106,221,335,408,363,346,259,182,142,63,34,24,3919,107,126,251,324,318,163,44,131,231,353,395,406,304,229,197,147,81,64,48,7968,3960,144,149,197,288,327,217,121,77,173,271,357,405,347,316,237,156,110,44,24,4008,135,121,169,293,287,244,154,76,195,273,371,391,384,277,215,178,130,62,53
East Granby town,5270,2632,103,168,191,220,135,76,115,171,181,194,237,247,180,148,108,75,53,21,9,2638,98,136,202,192,99,40,126,192,212,217,249,251,171,144,96,92,58,34,29,5341,2670,84,114,187,207,191,102,86,150,191,186,202,239,234,171,130,91,61,33,11,2671,80,100,156,210,154,66,61,163,225,231,221,242,247,156,125,87,76,43,28,5359,2685,85,95,132,203,178,157,112,122,170,195,193,205,226,222,151,110,74,39,16,2674,81,82,121,164,171,111,84,98,195,243,235,215,238,229,135,113,72,56,31
East Haddam town,9341,4640,168,216,327,356,279,127,166,232,337,371,483,437,371,329,219,103,68,31,20,4701,154,216,272,328,242,87,179,285,320,434,486,457,400,307,204,128,84,63,55,9463,4679,154,166,229,343,321,213,122,205,281,349,388,478,427,364,309,188,78,42,22,4784,139,157,229,285,290,185,99,236,312,343,448,502,464,393,290,181,111,62,58,9530,4679,165,152,178,245,309,255,207,161,254,293,366,385,467,417,342,265,143,49,26,4851,152,142,171,243,248,234,197,156,263,335,358,465,508,454,371,258,155,82,59
East Hampton town,12740,6274,206,381,462,453,384,165,1,320,486,587,677,631,500,429,268,162,83,52,27,6466,201,399,410,473,345,152,3,380,522,594,674,622,551,427,275,173,121,87,57,12693,6216,133,218,427,495,403,285,1,60,398,545,617,680,618,481,407,235,124,56,33,6477,131,210,432,447,425,259,3,81,462,568,625,684,632,547,413,250,148,90,70,12392,6036,148,145,263,460,446,303,49,60,140,458,577,622,665,593,454,355,179,82,37,6356,145,141,243,469,398,339,17,81,164,508,599,636,692,625,525,374,213,110,77
East Hartford town,52305,25123,1578,1664,1635,1674,1843,1621,1953,1762,1540,1673,1763,1811,1468,1067,781,562,357,234,137,27182,1508,1558,1537,1607,1581,1813,2285,1861,1752,1799,2015,1886,1595,1357,976,728,570,456,298,53383,25691,1629,1530,1652,1677,1651,1855,1801,2029,1713,1499,1619,1736,1732,1304,901,631,390,208,134,27692,1558,1439,1530,1531,1558,1716,2094,2354,1858,1731,1757,1981,1825,1491,1211,830,547,369,312,54296,26160,1578,1581,1518,1694,1654,1664,2034,1878,1979,1669,1447,1596,1660,1554,1119,736,446,231,122,28136,1509,1489,1411,1524,1482,1693,1997,2163,2349,1837,1690,1726,1917,1710,1336,1042,633,352,276
East Haven town,29696,14175,787,709,751,880,873,922,985,939,935,971,1088,1033,918,781,539,352,326,212,174,15521,735,696,687,859,778,906,1052,894,950,1076,1184,1195,1076,974,714,493,474,407,371,30053,14363,802,764,700,765,849,879,995,1065,935,882,918,1047,1008,879,720,466,286,227,176,15690,749,713,698,708,821,795,1008,1108,900,918,1054,1186,1197,1064,921,648,433,370,399,30257,14467,770,779,755,714,735,856,952,1075,1060,882,830,882,1021,965,809,624,375,201,182,15790,718,727,715,719,671,839,897,1063,1113,869,899,1058,1188,1179,1004,833,563,342,393
East Lyme town,19162,8978,311,402,580,602,609,440,468,518,568,672,785,737,614,533,452,296,202,137,52,10184,292,367,537,600,572,437,521,555,789,823,925,802,707,653,548,382,302,200,172,18993,8843,293,317,459,620,627,556,383,472,527,599,655,742,685,587,484,378,250,139,70,10150,275,315,403,557,615,517,431,557,689,794,773,902,742,705,616,496,358,212,193,18714,8655,299,300,374,499,645,573,497,387,481,558,584,616,690,653,533,406,314,170,76,10059,281,299,352,424,572,559,510,467,692,696,745,752,840,740,665,554,453,253,205
East Windsor town,11879,5734,311,290,287,323,290,306,473,377,339,397,453,543,417,330,225,173,116,65,19,6145,298,272,304,324,293,315,510,346,358,392,524,581,434,349,281,216,149,124,75,12542,6017,327,310,288,298,296,291,390,514,386,340,399,462,552,413,302,201,143,74,31,6525,315,294,289,325,311,327,396,535,360,353,425,562,610,435,334,268,184,111,91,13095,6238,316,326,307,298,272,298,375,430,522,387,343,409,475,541,377,267,165,92,38,6857,303,311,310,309,312,345,408,422,549,355,387,465,591,605,415,316,227,136,91
Eastford town,1822,941,33,53,56,70,54,41,33,57,66,57,93,82,75,79,38,26,14,9,5,881,32,48,58,39,38,30,44,42,55,74,92,85,75,74,33,24,13,18,7,1871,969,31,38,62,60,61,46,37,44,64,69,64,93,83,78,73,33,19,10,4,902,29,37,57,54,31,29,29,52,50,62,79,92,90,75,67,30,19,9,11,1903,987,28,36,46,66,51,54,42,48,51,67,75,65,94,86,72,64,24,13,5,916,27,34,47,54,46,22,28,36,59,57,67,79,97,89,68,61,24,13,8
Easton town,7411,3707,85,222,387,418,200,38,45,81,188,328,416,391,275,205,174,112,75,37,30,3704,81,207,315,372,225,41,52,85,265,363,424,356,265,212,146,93,83,71,48,7359,3716,87,114,286,420,354,132,19,54,124,244,358,411,365,251,183,153,85,48,28,3643,81,113,250,340,309,152,23,61,152,312,366,412,335,234,188,124,73,63,55,7298,3709,121,116,178,319,355,268,105,33,97,180,274,354,385,336,225,159,117,55,32,3589,115,113,156,274,277,230,123,35,128,199,315,354,390,301,208,163,98,56,54
Ellington town,16878,8301,388,529,631,592,438,346,420,492,602,663,787,713,557,453,312,168,117,61,32,8577,373,506,595,634,435,318,465,573,574,729,771,716,580,464,345,193,145,105,56,18019,8846,386,453,620,683,539,389,383,487,563,645,696,798,717,545,420,273,135,77,37,9173,369,426,572,656,609,401,377,546,618,630,759,789,734,580,442,322,162,109,72,19088,9348,418,452,545,672,629,489,425,450,558,607,678,709,799,697,504,367,216,88,45,9740,400,422,492,633,631,574,460,459,591,674,662,777,806,728,551,408,270,120,82
Enfield town,43570,22472,1086,1101,1146,1334,1734,1718,2014,1687,1549,1463,1774,1691,1255,915,685,525,431,252,112,21098,1037,1077,1190,1202,1069,1082,1536,1412,1209,1417,1746,1679,1239,1097,948,736,672,442,308,42302,21499,1053,1085,1061,1200,1641,1773,1687,1851,1506,1221,1177,1536,1489,1101,768,570,379,255,146,20803,1008,1010,1103,1167,1018,1007,1230,1677,1395,1178,1331,1679,1589,1176,949,853,600,481,352,40775,20409,967,1052,1045,1114,1507,1680,1742,1525,1669,1179,939,954,1339,1322,939,643,414,224,155,20366,923,982,1037,1080,983,956,1156,1372,1658,1363,1095,1269,1589,1511,1024,853,699,427,389
Essex town,6644,3148,91,144,230,227,168,36,69,105,156,250,262,329,294,250,203,118,102,69,45,3496,89,145,215,231,115,62,96,115,218,283,327,320,304,306,206,152,118,92,102,6562,3100,84,102,165,238,194,125,25,79,124,170,246,282,327,296,233,182,103,73,52,3462,80,100,159,215,195,75,64,110,143,248,290,332,328,309,295,194,132,95,98,6442,3022,91,95,124,172,204,145,112,36,98,139,166,266,281,327,275,206,154,75,56,3420,87,91,115,159,180,154,74,78,139,174,256,296,340,333,299,274,167,106,98
Fairfield town,59254,28120,1234,1943,2344,3119,1982,915,907,1353,2056,2291,2341,2089,1629,1212,919,634,528,384,240,31134,1166,1823,2266,3286,2038,1163,1149,1586,2245,2482,2477,2275,1719,1349,1160,797,785,725,643,59024,27956,1244,1378,1955,3085,2596,1086,895,1170,1645,2180,2224,2254,1916,1385,1035,793,514,355,246,31068,1175,1285,1932,3333,2639,1099,1258,1486,1902,2347,2396,2398,2050,1504,1216,1030,700,634,684,58915,27838,1345,1388,1391,2696,2562,1697,1065,1158,1464,1775,2115,2140,2075,1657,1194,892,640,349,235,31077,1271,1294,1394,2999,2686,1699,1194,1594,1803,2007,2262,2318,2170,1822,1361,1080,898,573,652
Farmington town,26092,12454,570,717,896,995,681,480,704,636,736,893,1057,1098,881,675,491,320,274,218,132,13638,540,607,804,899,631,486,727,734,909,1048,1148,1171,954,883,606,429,414,334,314,26688,12757,562,645,830,988,855,572,531,781,698,777,922,1058,1036,813,615,436,275,208,155,13931,531,604,685,876,779,544,569,839,825,970,1062,1127,1127,927,841,564,390,334,337,27153,12989,561,637,758,921,847,745,622,608,842,739,808,926,997,959,742,544,365,210,158,14164,533,595,682,757,755,691,627,681,929,885,985,1042,1084,1093,883,776,503,318,345
Franklin town,1964,1007,34,50,74,69,71,32,38,56,74,76,94,93,81,59,52,26,19,7,2,957,33,44,56,73,56,19,37,55,76,80,89,86,67,63,55,32,18,9,9,1986,1018,31,39,60,78,68,56,27,45,67,76,80,95,86,78,57,43,18,11,3,968,29,34,52,66,68,40,16,48,68,79,79,87,84,67,60,48,24,11,8,2001,1024,33,36,48,64,76,53,50,35,57,69,80,82,88,83,75,47,32,11,5,977,32,30,43,63,60,52,37,27,61,71,78,77,85,83,64,52,37,16,9
Glastonbury town,35278,16844,636,1006,1514,1591,990,316,546,776,1159,1537,1692,1438,1094,933,616,408,264,210,118,18434,597,1038,1548,1596,860,370,647,908,1372,1718,1801,1552,1157,999,715,508,393,371,284,35915,17175,609,761,1216,1643,1362,727,281,698,996,1327,1603,1661,1345,964,810,517,328,186,141,18740,571,747,1260,1671,1343,640,393,832,1147,1536,1765,1760,1415,1028,909,641,437,317,328,36554,17500,696,734,971,1346,1415,1093,690,435,919,1166,1397,1575,1560,1200,839,684,414,229,137,19054,653,721,968,1383,1418,1111,662,578,1072,1313,1586,1725,1619,1275,938,815,548,350,319
Goshen town,3095,1527,37,59,97,112,94,39,33,47,76,136,137,143,150,148,86,62,35,28,8,1568,37,70,108,115,72,25,29,53,102,130,157,172,169,132,76,46,41,18,16,3177,1558,34,43,77,113,102,75,28,35,66,99,147,140,147,151,139,75,50,24,13,1619,32,49,87,121,105,45,17,39,76,119,140,168,185,170,118,68,37,28,15,3241,1581,40,40,61,93,104,84,64,30,54,89,110,150,144,149,142,120,60,34,13,1660,41,44,66,99,110,78,34,27,63,94,129,151,181,185,153,106,55,25,19
Granby town,11534,5688,166,308,492,521,355,106,109,232,370,524,604,549,457,333,205,159,107,65,26,5846,158,300,445,530,299,47,147,269,420,517,653,593,442,339,214,170,138,103,62,11695,5748,152,206,381,533,449,256,78,157,300,430,548,608,523,417,291,180,130,72,37,5947,145,196,356,502,450,201,39,213,354,468,551,651,573,401,310,200,152,105,80,11826,5793,191,192,279,421,461,346,223,126,225,361,456,553,580,480,368,254,146,88,43,6033,183,184,253,412,423,343,187,105,297,402,503,551,630,527,368,286,176,115,88
Greenwich town,60471,28833,1174,2170,2626,2684,1561,509,1102,1457,1962,2347,2425,2317,1909,1387,1123,790,651,416,223,31638,1117,2025,2568,2452,1378,556,1303,1652,2343,2776,2878,2621,1972,1634,1283,1011,785,677,607,59372,28318,1049,1405,2419,2727,2145,1111,545,1315,1677,2070,2280,2330,2146,1692,1184,918,619,427,259,31054,997,1361,2278,2628,1960,989,666,1554,1949,2461,2745,2786,2404,1723,1433,1086,812,582,640,58274,27778,1107,1279,1655,2520,2188,1693,1143,761,1536,1790,2008,2189,2158,1915,1465,970,717,410,274,30496,1053,1241,1615,2339,2137,1561,1099,920,1851,2070,2434,2655,2566,2137,1518,1222,873,607,598
Griswold town,12584,6301,320,379,400,448,433,351,398,405,442,474,553,528,422,310,201,88,85,51,13,6283,309,317,411,368,406,309,403,399,487,490,584,532,405,315,210,122,113,61,42,13155,6591,318,333,422,445,441,406,380,440,427,460,478,552,514,388,273,168,71,53,22,6564,307,315,345,429,350,383,348,449,439,503,503,588,526,388,293,188,94,76,40,13663,6844,323,331,376,467,438,413,435,423,463,445,465,479,537,474,344,231,133,43,24,6819,312,313,343,363,411,327,422,394,489,455,516,508,581,504,362,262,148,62,47
Groton town,39179,20805,1203,1398,854,1113,2242,2852,2256,1207,865,875,1040,1203,1062,891,665,407,313,232,127,18374,1148,1318,888,735,869,1635,1924,1076,846,890,1121,1278,1162,983,756,559,497,366,323,38172,20392,1236,1086,1097,988,1908,1778,2906,1984,873,581,711,988,1165,1008,812,579,324,215,153,17780,1180,1033,1071,619,591,1103,1864,1754,836,627,788,1093,1265,1134,935,692,483,370,342,36702,19737,1053,1119,785,1231,1784,1447,1838,2631,1645,590,422,667,958,1105,919,705,461,222,155,16965,1005,1066,786,802,475,826,1334,1694,1512,617,528,765,1084,1233,1076,854,594,361,353
Guilford town,22481,10842,322,615,883,958,584,131,290,451,652,860,989,972,902,806,621,345,244,153,64,11639,304,591,873,871,537,125,255,498,682,1017,1094,1097,980,908,658,392,319,217,221,22426,10822,277,413,739,973,817,371,95,364,571,738,898,981,930,837,736,543,282,166,91,11604,261,402,703,933,724,338,94,345,632,785,1053,1096,1047,916,849,604,339,251,232,22167,10687,316,368,537,829,832,584,297,171,484,658,778,892,938,863,764,642,437,191,106,11480,297,359,514,763,786,501,281,185,481,736,824,1057,1047,981,857,774,517,267,253
Haddam town,8784,4421,140,275,331,348,244,92,143,220,358,353,409,397,349,297,215,135,54,36,25,4363,135,253,309,290,197,90,126,227,352,369,441,442,393,251,221,104,66,57,40,9128,4570,127,170,314,366,314,183,84,185,288,393,376,414,394,330,276,186,105,38,27,4558,121,174,302,332,252,153,85,177,294,393,393,460,442,367,235,195,84,53,46,9423,4687,144,157,209,348,332,252,175,127,253,323,415,381,410,373,307,239,142,71,29,4736,138,160,222,326,294,207,148,136,244,336,417,413,460,414,343,206,159,66,47
Hamden town,63231,29109,1846,1588,1525,2493,2357,2438,2086,1760,1749,1761,1857,1915,1711,1371,834,651,544,377,246,34122,1752,1432,1438,2933,2621,3367,2181,1933,1936,2027,2174,2291,2091,1611,1138,918,866,729,684,65986,30413,2137,1762,1590,2324,2409,1980,2623,2142,1758,1676,1705,1852,1840,1539,1220,709,536,361,250,35573,2030,1676,1359,2826,2595,2317,3566,2214,1990,1930,2030,2210,2266,1913,1469,1046,813,650,673,68779,31709,2200,2053,1764,2389,2240,2031,2167,2677,2138,1685,1620,1703,1779,1661,1374,1043,584,359,242,37070,2089,1955,1603,2747,2488,2291,2518,3594,2269,1984,1934,2068,2187,2081,1751,1344,923,612,632
Hampton town,1889,970,31,49,63,65,56,19,37,46,60,76,90,100,84,77,52,27,17,14,7,919,30,35,39,49,42,28,45,40,72,73,91,116,85,82,37,20,17,9,9,1894,970,28,31,57,63,59,38,15,44,55,70,80,92,96,82,74,46,20,12,8,924,27,28,38,37,40,28,29,53,51,77,78,98,113,83,74,34,17,11,8,1878,962,25,28,39,58,58,40,34,22,54,64,74,82,88,93,79,65,35,15,9,916,25,25,32,36,28,26,29,37,64,55,81,84,95,110,75,67,28,11,8
Hartford town,125999,61116,5142,4215,3794,4942,6222,5158,5085,4004,3532,3687,3779,3568,2574,2174,1374,859,548,297,162,64883,4939,4198,3670,5028,6207,5777,5594,4056,3600,3797,4032,3583,3084,2551,1749,1252,933,529,304,126656,61571,4970,4601,3695,4348,5412,4853,5107,4821,3773,3323,3566,3631,3166,2327,1823,1081,601,303,170,65085,4776,4440,3722,4450,5401,5215,5926,5150,3663,3341,3603,3767,3351,2774,2270,1428,980,589,239,126185,61395,4564,4430,4081,4249,4820,4052,4807,4843,4574,3560,3212,3426,3223,2878,1962,1444,762,333,175,64790,4389,4277,3964,4502,4824,4411,5364,5479,4747,3403,3156,3351,3527,3026,2479,1891,1129,625,246
Hartland town,2104,1059,28,72,74,69,63,32,28,48,72,98,102,102,100,69,51,22,16,8,5,1045,27,47,83,63,47,14,19,47,79,93,112,123,99,68,54,14,31,14,11,2065,1042,19,37,73,79,59,43,23,36,61,84,102,98,100,91,61,44,16,11,5,1023,19,31,52,88,44,20,3,31,59,89,100,109,123,96,62,48,13,24,12,2008,1014,18,28,39,78,68,39,33,32,50,73,88,98,96,91,81,53,32,11,6,994,17,23,36,57,69,18,10,16,43,69,97,98,109,119,88,55,42,11,17
Harwinton town,5742,2902,87,163,198,216,197,78,65,109,201,239,287,279,245,212,150,79,43,37,17,2840,77,135,197,223,146,25,61,136,212,263,268,287,213,199,144,86,75,54,39,5776,2918,72,101,185,219,195,152,51,80,145,234,261,289,278,231,187,128,59,30,21,2858,63,96,164,223,194,82,18,93,174,237,278,269,282,198,184,130,73,57,43,5787,2925,82,86,124,206,198,149,127,66,117,179,256,264,288,262,204,160,97,41,19,2862,73,82,125,190,194,130,66,51,131,199,252,279,264,264,183,166,110,56,47
Hebron town,9979,4970,157,265,461,569,313,125,120,188,341,496,486,458,336,290,171,103,54,19,18,5009,148,267,416,477,261,82,151,219,433,514,511,492,350,281,156,109,63,45,34,10185,5061,149,185,321,503,519,233,97,151,251,392,508,474,428,308,260,150,82,33,17,5124,140,177,317,449,416,175,74,201,304,470,516,503,474,327,254,147,93,49,38,10376,5140,181,178,242,363,453,437,205,129,214,303,406,496,444,395,276,225,119,51,23,5236,172,169,227,350,388,330,167,124,287,342,473,508,484,446,297,235,125,70,42
Kent town,3008,1496,55,99,92,71,42,34,66,65,67,113,144,135,157,129,75,62,51,27,12,1512,47,65,59,76,66,16,82,63,83,90,136,146,149,121,92,92,44,52,33,2989,1498,47,70,100,89,45,25,37,69,72,77,123,151,146,154,117,72,54,34,16,1491,41,50,61,51,57,53,25,83,68,83,99,145,153,152,120,91,78,41,40,2932,1476,45,62,72,96,62,27,28,40,76,82,87,130,161,143,139,108,63,36,19,1456,35,44,46,54,32,45,63,26,88,69,93,108,152,156,149,116,77,65,38
Killingly town,17738,8771,450,508,534,612,538,482,569,626,675,640,684,669,573,456,268,204,151,83,49,8967,441,528,539,498,488,423,573,609,612,630,728,677,622,462,346,293,205,151,142,17974,8903,420,447,520,548,565,479,500,624,674,672,648,678,651,540,402,226,156,96,57,9071,411,452,541,541,455,433,453,616,641,614,635,722,671,595,430,317,248,154,142,18080,8960,395,418,460,534,501,506,497,555,671,672,680,643,659,613,477,342,174,99,64,9120,387,421,464,544,499,401,463,497,649,643,619,631,715,643,554,393,268,184,145
Killingworth town,6608,3239,76,160,258,252,192,64,51,78,170,302,342,324,263,278,185,124,71,39,10,3369,68,135,263,281,165,21,51,111,214,319,368,319,284,289,194,118,72,70,27,6618,3219,72,88,185,267,209,139,42,60,116,199,320,348,321,255,265,169,99,47,18,3399,63,87,162,274,235,104,17,73,151,244,335,371,326,290,283,181,101,59,43,6582,3175,94,84,112,193,223,156,116,52,97,145,219,327,344,310,244,238,133,65,23,3407,86,82,113,173,228,174,89,39,113,182,261,338,377,331,283,261,153,80,44
Lebanon town,7476,3768,145,207,286,293,252,72,155,198,242,331,386,348,305,233,137,72,55,34,17,3708,143,195,254,314,210,111,169,207,251,345,361,343,259,208,139,77,65,36,21,7592,3811,141,165,243,307,268,161,53,184,243,267,349,374,339,288,202,114,55,37,21,3781,138,158,233,276,279,161,114,205,249,277,344,342,327,237,190,120,62,44,25,7684,3838,152,161,201,264,282,177,140,82,229,269,287,339,365,320,252,169,89,37,23,3846,151,153,197,254,241,229,164,151,247,274,277,326,326,303,218,166,98,42,29
Ledyard town,15016,7518,340,479,542,654,437,276,385,495,539,571,594,575,514,392,308,190,118,76,33,7498,319,400,500,596,386,230,374,545,539,632,614,596,523,438,303,196,143,112,52,14790,7438,292,357,526,593,561,325,269,441,557,549,525,559,538,466,346,262,149,78,45,7352,275,329,428,535,486,252,232,461,593,553,593,570,561,483,396,263,161,106,75,14437,7288,272,310,404,576,501,447,317,326,503,566,503,491,523,489,414,293,204,99,50,7149,256,285,357,463,425,352,254,320,510,607,515,549,535,520,438,347,216,120,80
Lisbon town,4435,2213,79,91,150,205,156,81,70,97,136,198,232,213,159,137,91,48,39,18,13,2222,74,102,117,185,150,66,62,110,150,204,235,204,150,130,112,68,40,32,31,4504,2253,78,86,114,172,194,123,62,78,121,155,212,231,200,152,123,77,37,25,13,2251,73,82,111,137,174,122,56,77,129,174,209,229,197,142,124,101,56,27,31,4571,2289,90,85,109,136,161,160,104,70,101,140,171,212,218,191,137,104,59,25,16,2282,85,81,91,131,126,145,112,71,97,153,179,204,221,188,135,112,84,39,28
Litchfield town,8465,4211,125,233,292,296,304,60,107,176,244,326,378,386,366,316,231,155,106,69,41,4254,118,165,266,308,229,58,107,185,258,363,410,356,356,337,260,173,117,96,92,8411,4218,110,155,279,323,263,206,55,140,214,274,341,389,380,346,289,209,125,76,44,4193,103,136,198,288,248,150,51,144,227,303,369,390,353,350,323,242,140,85,93,8293,4186,120,140,202,311,289,165,188,88,179,245,290,352,382,359,316,259,166,87,48,4107,113,121,169,219,228,161,136,89,186,273,309,349,386,347,336,299,197,102,87
Lyme town,2556,1280,33,54,76,94,54,24,40,37,50,80,127,108,148,129,96,53,38,31,8,1276,31,42,59,80,45,26,35,50,54,99,130,110,140,114,96,59,39,39,28,2682,1348,33,42,66,93,85,45,27,44,47,61,99,139,123,148,125,85,44,26,16,1334,31,34,49,64,72,34,30,44,59,76,113,139,122,145,117,89,50,31,35,2780,1399,37,42,54,83,84,74,47,31,54,58,80,111,152,124,141,110,70,31,16,1381,33,34,41,54,56,59,38,39,53,81,91,122,151,128,146,108,74,39,34
Madison town,18133,8808,196,441,791,965,571,55,149,209,442,746,917,869,652,618,468,296,216,141,66,9325,186,380,739,952,528,0,127,238,547,880,1046,884,644,652,461,368,288,238,167,18036,8753,202,276,575,877,800,385,26,165,311,545,800,911,824,603,564,412,241,149,87,9283,191,250,511,843,778,332,8,168,370,659,932,1035,820,601,607,427,323,227,201,17782,8640,284,282,410,661,712,589,304,48,268,416,603,798,865,766,549,493,331,165,96,9142,267,255,380,615,670,537,261,50,300,483,714,922,968,770,560,558,371,251,210
Manchester town,60815,29310,2099,1866,1595,1661,1561,2152,3297,2506,1706,1644,1904,1891,1716,1377,894,591,353,297,200,31505,1999,1749,1444,1581,1558,2449,3313,2460,1698,1733,2124,2284,2012,1635,1106,762,607,534,457,63457,30668,2195,2044,1819,1559,1569,1829,2745,3430,2286,1528,1541,1842,1829,1587,1210,768,444,238,205,32789,2090,1933,1675,1428,1508,1971,3051,3360,2232,1560,1692,2136,2250,1883,1489,989,638,450,454,65588,31746,2018,2140,1996,1782,1467,1837,2423,2881,3204,2100,1427,1487,1782,1693,1402,1042,584,298,183,33842,1920,2025,1858,1658,1355,1921,2573,3098,3128,2091,1521,1709,2105,2111,1721,1333,828,474,413
Mansfield town,26967,13991,323,273,362,2858,4776,1208,471,404,405,487,456,505,420,353,267,162,119,90,52,12976,305,268,343,3050,4187,812,207,291,355,447,466,522,478,351,294,188,163,148,101,27479,14248,392,303,283,2832,4644,1210,890,317,383,447,434,454,444,404,313,237,122,82,57,13231,373,293,311,3002,4125,775,596,176,326,389,461,460,519,439,339,245,160,126,116,28096,14554,466,373,314,2753,4617,1078,892,734,297,425,395,432,394,426,360,277,182,84,55,13542,444,361,336,2970,4077,714,559,564,211,360,404,456,459,478,421,286,208,124,110
Marlborough town,6580,3216,109,218,276,249,164,65,98,145,245,307,319,253,247,210,149,71,42,26,23,3364,107,209,283,282,127,37,106,200,274,297,320,283,269,221,140,64,63,43,39,6686,3236,92,132,250,289,198,106,50,133,192,280,314,313,235,224,188,130,56,32,22,3450,92,131,244,303,239,79,42,155,249,293,306,315,272,246,205,126,60,52,41,6761,3244,108,116,164,263,238,140,90,85,181,227,287,308,293,213,201,163,102,41,24,3517,107,116,166,264,260,182,83,92,204,268,303,301,303,249,228,184,110,50,47
Meriden town,62067,30012,1865,2001,1840,2083,1868,1745,2310,2111,1922,2072,2308,2227,1775,1458,916,598,469,282,162,32055,1755,1939,1831,2022,1875,1951,2473,2413,2088,2120,2210,2340,2017,1595,1054,739,643,540,450,63141,30484,1867,1789,1945,1805,1902,1795,1944,2414,2090,1898,2052,2264,2110,1629,1288,772,446,304,170,32657,1757,1682,1909,1858,1892,1949,2229,2620,2424,2039,2093,2197,2272,1889,1438,900,591,460,458,63925,30768,1803,1791,1732,1909,1624,1829,1993,2049,2391,2064,1882,2015,2146,1945,1444,1094,585,287,185,33157,1695,1684,1652,1936,1728,1966,2227,2376,2630,2373,2013,2081,2131,2133,1714,1245,726,424,423
Middlebury town,8049,3894,124,206,365,331,240,100,118,165,308,327,345,274,278,227,190,129,88,58,21,4155,122,214,322,349,218,85,116,187,371,365,350,341,303,246,189,112,93,94,78,8475,4089,124,160,270,409,301,195,88,155,230,353,358,344,266,256,212,168,108,61,31,4386,122,150,275,374,329,160,84,165,271,425,390,354,342,292,227,168,96,76,86,8910,4281,157,160,224,313,378,256,182,125,220,276,384,357,333,244,238,186,138,75,35,4629,154,150,211,327,354,271,158,133,249,325,449,392,354,330,270,201,142,78,81
Middlefield town,4477,2251,65,97,167,182,140,84,78,83,152,195,219,231,183,135,81,59,49,35,16,2226,62,93,147,195,93,34,59,108,168,237,217,201,162,124,114,74,67,49,22,4483,2250,56,74,114,185,156,113,77,92,107,163,204,221,224,171,123,71,46,32,21,2233,54,69,112,164,169,54,28,81,136,193,242,209,201,156,120,106,59,51,29,4479,2241,63,65,91,132,159,129,105,91,115,118,173,206,214,210,156,106,56,31,21,2238,61,61,88,130,138,129,48,51,110,162,198,234,209,193,150,112,86,45,33
Middletown town,49482,24113,1540,1237,1184,1767,1873,1967,2276,1680,1349,1511,1644,1673,1372,1084,715,519,333,259,130,25369,1478,1146,1105,1592,1686,2082,2490,1693,1360,1553,1731,1771,1523,1172,915,658,527,474,413,51373,25101,1651,1451,1177,1617,1861,1680,2341,2294,1503,1225,1422,1621,1604,1278,971,617,398,230,160,26272,1585,1391,1045,1543,1604,1572,2517,2510,1476,1259,1495,1751,1748,1437,1083,839,559,414,444,52922,25897,1563,1562,1390,1609,1711,1668,2056,2359,2113,1377,1141,1404,1554,1496,1149,840,475,273,157,27025,1502,1498,1290,1482,1554,1490,2008,2537,2290,1375,1204,1518,1728,1653,1330,990,711,438,427
Milford town,53062,25504,1299,1245,1472,1725,1316,1142,1646,1601,1669,1953,2161,2210,1805,1514,1075,627,510,365,169,27558,1240,1243,1453,1547,1209,1234,1760,1676,1834,2067,2305,2235,2014,1782,1315,875,732,583,454,53039,25425,1253,1290,1261,1497,1540,1168,1258,1767,1634,1611,1930,2110,2107,1683,1352,911,496,343,214,27614,1196,1268,1279,1462,1347,1146,1445,1929,1717,1817,2048,2263,2186,1922,1642,1182,734,539,492,52658,25149,1180,1244,1306,1286,1313,1391,1284,1381,1799,1577,1593,1885,2010,1969,1506,1150,721,334,220,27509,1124,1224,1304,1288,1262,1284,1357,1615,1968,1700,1800,2010,2214,2087,1774,1477,994,541,486
Monroe town,19300,9514,340,548,799,939,647,283,274,402,635,882,979,803,673,477,293,219,164,109,48,9786,308,513,765,899,552,202,282,487,698,937,1009,878,550,509,365,319,241,169,103,18960,9362,314,408,635,851,794,479,223,323,517,709,880,930,728,590,395,241,170,109,66,9598,283,366,597,817,751,361,166,371,600,766,932,954,798,472,452,331,274,177,130,18599,9202,351,381,495,687,707,625,418,272,438,592,711,834,850,641,498,329,188,114,71,9397,319,341,449,649,670,555,324,256,485,669,763,878,874,711,417,408,285,200,144
Montville town,21824,11595,425,504,585,783,941,823,822,774,862,887,1008,903,665,570,406,275,205,105,52,10229,400,431,622,669,555,436,549,593,716,838,926,805,713,582,449,366,281,187,111,23902,12605,457,432,540,758,1059,968,821,832,878,916,955,1038,883,682,550,387,234,145,70,11297,429,395,495,713,666,581,491,653,731,842,923,991,867,748,578,469,347,223,155,25850,13551,514,464,467,712,1034,1085,965,831,935,932,983,987,1013,890,653,511,320,163,92,12299,482,424,459,586,709,692,635,595,790,857,927,988,1050,897,733,585,432,269,189
Morris town,2435,1213,39,51,79,103,62,31,49,54,82,113,88,118,124,91,55,23,25,18,8,1222,35,39,85,89,66,38,37,57,72,92,122,131,119,81,65,38,13,31,12,2461,1225,35,45,63,87,91,43,32,57,67,92,111,95,120,118,81,45,17,17,9,1236,33,42,52,92,79,49,33,44,65,78,100,128,133,116,75,57,30,11,19,2474,1230,39,41,57,71,75,71,42,40,69,77,90,117,98,114,106,68,34,11,10,1244,35,40,55,59,82,62,43,40,52,71,87,106,129,129,108,66,45,23,12
Naugatuck town,32438,15957,956,985,1024,1112,1006,925,1232,1190,1003,1184,1226,1214,933,729,513,295,224,141,65,16481,907,910,938,1034,929,948,1297,1215,1115,1165,1270,1244,944,870,557,408,277,231,222,32877,16200,936,965,998,1022,1007,917,1037,1315,1180,968,1139,1168,1151,850,653,436,236,144,78,16677,887,905,921,936,935,890,1089,1392,1219,1081,1097,1204,1199,889,796,493,337,195,212,33078,16303,873,945,979,997,918,918,1030,1121,1303,1143,926,1084,1107,1055,763,558,346,154,83,16775,827,885,916,919,837,896,1031,1184,1395,1184,1014,1034,1160,1134,813,708,409,240,189
New Britain town,74554,36260,2755,2355,2343,2842,3174,3560,3176,2507,1873,1934,2182,2196,1885,1312,807,475,317,344,223,38294,2669,2437,2085,2809,2855,3644,3414,2450,1968,2075,2199,2320,2074,1564,1034,823,740,648,486,76017,37021,2734,2618,2267,2862,2922,3040,3785,3008,2230,1718,1813,2058,2025,1636,1077,578,283,174,193,38996,2649,2554,2363,2636,2732,2879,3918,3165,2191,1795,1990,2150,2252,1883,1404,910,633,476,416,77358,37682,2607,2597,2530,2786,2943,2790,3269,3610,2722,2065,1607,1708,1897,1762,1355,800,362,154,118,39676,2527,2534,2480,2915,2559,2757,3155,3665,2889,2014,1716,1946,2087,2051,1705,1251,709,401,315
New Canaan town,19695,9481,257,697,1097,1141,627,18,98,250,568,869,942,910,652,482,322,205,160,119,67,10214,259,704,1071,1109,581,13,157,368,716,953,1069,965,613,455,329,266,256,199,131,19659,9480,251,389,868,1186,888,401,14,147,391,707,917,926,844,561,396,256,156,103,79,10179,253,390,895,1157,883,365,18,236,524,853,991,1019,868,509,370,282,223,185,158,19524,9422,344,383,559,957,932,617,326,62,288,532,758,901,859,742,469,320,196,101,76,10102,340,384,581,981,931,620,307,97,392,662,893,941,920,754,421,318,237,161,162
New Fairfield town,13620,6732,208,355,639,702,477,136,138,224,447,656,669,653,476,337,273,168,98,52,24,6888,208,356,524,647,424,161,145,286,565,654,750,664,472,363,247,176,116,87,43,13272,6516,198,242,441,672,596,317,65,138,301,498,651,650,596,419,286,226,128,62,30,6756,200,248,393,559,541,298,118,191,392,603,649,727,616,413,313,209,144,85,57,12912,6300,235,232,328,475,566,435,249,65,216,355,495,632,594,532,362,237,173,82,37,6612,234,240,286,428,453,402,256,165,297,430,599,628,679,551,360,267,170,106,61
New Hartford town,7294,3631,124,184,262,280,192,108,117,163,273,324,340,356,325,260,146,90,49,28,10,3663,119,180,275,267,196,91,123,200,246,317,342,369,293,244,155,104,66,46,30,7554,3752,122,138,212,281,243,140,101,149,213,314,341,347,360,311,234,129,72,30,15,3802,118,140,209,293,236,151,103,160,241,273,335,351,363,285,224,143,90,51,36,7775,3851,139,136,167,231,244,190,133,133,198,255,331,348,351,344,281,205,103,45,17,3924,133,139,170,227,261,190,162,141,202,268,291,344,345,352,263,204,122,69,41
New Haven town,135175,65451,5250,4176,3625,5051,6482,6670,7141,5017,3544,3610,3618,3197,2509,2066,1466,939,588,363,139,69724,4978,3878,3459,5562,6564,7005,7511,5054,3655,3759,3663,3549,2965,2518,1887,1414,985,749,569,140446,68332,5348,4705,3797,4823,6099,5568,7125,6764,4435,3288,3530,3458,2957,2234,1833,1227,673,331,137,72114,5072,4426,3476,5226,6279,5787,7493,6993,4435,3389,3554,3553,3347,2718,2280,1671,1144,697,574,144711,70651,5053,4803,4325,4994,5872,5188,6032,6748,6156,4163,3218,3373,3199,2633,1983,1526,876,378,131,74060,4789,4519,4023,5242,5944,5502,6278,6975,6362,4160,3189,3448,3351,3073,2463,2017,1358,812,555
New London town,25729,12741,787,652,635,1103,1914,1362,886,640,672,729,709,726,667,529,277,176,121,101,55,12988,751,646,630,1147,1691,1234,907,723,636,672,756,791,704,553,393,249,212,163,130,23831,11825,772,608,524,955,1669,1114,1134,639,501,594,623,580,641,599,424,212,115,67,54,12006,736,567,515,1043,1429,1018,1107,671,589,502,592,674,729,617,492,300,183,129,113,21833,10851,702,594,481,844,1522,870,887,885,500,426,491,497,501,575,489,340,144,64,39,10982,668,552,436,929,1326,756,891,870,537,456,424,513,615,640,552,390,227,109,91
New Milford town,28231,13952,615,838,1044,1094,879,519,650,785,1016,1173,1275,1253,914,729,489,303,201,128,47,14279,587,768,904,1024,712,496,651,885,1020,1294,1383,1264,951,762,536,371,265,220,186,28058,13880,563,654,878,1077,941,702,511,734,904,1039,1148,1233,1175,820,640,417,239,133,72,14178,538,600,801,916,843,554,528,769,972,1038,1283,1349,1210,860,699,476,320,212,210,27702,13704,551,602,694,912,924,764,693,595,853,929,1016,1109,1156,1066,723,548,329,156,84,13998,528,551,633,813,736,685,586,646,856,990,1030,1251,1293,1109,790,623,408,254,216
Newington town,31487,15007,793,754,928,930,925,771,999,954,1017,1101,1200,1092,944,890,597,422,322,233,135,16480,747,785,857,976,747,707,1014,1095,1082,1169,1375,1251,1078,987,782,587,457,438,346,32301,15483,785,839,826,967,897,897,876,1117,1031,1030,1106,1184,1058,882,788,505,330,214,151,16818,741,775,852,931,905,738,853,1164,1167,1115,1192,1366,1214,999,903,695,486,340,382,33031,15900,779,831,912,865,934,869,1001,994,1193,1044,1036,1092,1146,990,780,671,395,220,148,17131,733,769,842,926,860,896,884,1004,1236,1200,1138,1186,1326,1130,913,804,578,361,345
Newtown town,28105,14103,395,782,1318,1443,846,408,476,521,858,1312,1560,1255,948,690,485,327,245,167,67,14002,378,794,1205,1344,763,197,313,515,960,1484,1581,1206,931,658,546,385,332,242,168,28427,14174,384,512,960,1415,1262,647,359,522,657,976,1338,1503,1176,862,610,431,276,181,103,14253,366,491,957,1306,1150,528,155,425,709,1123,1527,1543,1139,856,611,511,361,276,219,28721,14240,487,501,690,1057,1234,1061,597,406,659,777,1007,1286,1415,1077,767,540,357,201,121,14481,465,480,655,1058,1112,902,478,268,620,874,1170,1490,1467,1056,797,570,466,297,256
Norfolk town,1711,832,24,39,46,77,39,24,23,22,35,66,98,80,79,60,51,28,24,12,5,879,22,37,56,71,36,27,24,27,49,76,68,97,87,63,54,35,25,14,11,1699,820,24,25,45,54,67,30,21,22,16,42,73,98,82,76,55,44,24,15,7,879,21,26,47,56,59,26,23,26,29,60,79,73,99,85,63,48,31,17,11,1674,799,26,25,30,52,44,56,27,20,17,24,50,74,99,79,69,47,36,15,9,875,25,25,36,47,45,50,23,25,27,39,63,84,75,97,84,56,41,21,12
North Branford town,14469,7059,271,381,473,575,422,288,248,351,427,543,640,553,535,458,303,238,156,127,70,7410,252,321,506,534,356,219,282,362,439,631,599,624,612,473,383,276,198,190,153,14378,7023,248,299,440,496,517,333,258,283,388,442,543,622,540,510,424,276,201,116,87,7355,231,280,378,527,457,262,204,326,412,463,619,592,624,590,451,359,240,170,170,14211,6944,257,276,358,463,437,427,303,293,321,404,444,528,606,515,472,380,228,144,88,7267,238,259,337,399,450,362,247,249,376,437,453,611,592,602,561,419,309,199,167
North Canaan town,3330,1620,75,97,101,100,97,81,122,82,102,105,144,123,110,95,65,56,26,26,13,1710,71,82,106,125,83,83,93,83,90,126,127,135,105,91,75,69,66,44,56,3328,1627,71,88,107,107,89,82,85,127,90,99,101,142,116,103,86,58,43,18,15,1701,70,75,96,115,114,76,80,93,87,90,123,126,133,98,85,74,62,53,51,3320,1629,72,84,98,113,96,74,87,90,134,87,95,100,134,108,94,77,45,28,13,1691,68,74,89,105,104,107,72,80,98,88,88,123,125,125,91,83,67,49,55
North Haven town,24579,11772,482,524,764,882,714,491,497,544,720,929,1038,1008,816,714,541,452,314,228,114,12807,464,572,744,894,639,570,500,570,825,1019,1055,1026,868,837,641,532,460,335,256,24965,11925,504,518,600,832,818,609,462,534,630,790,961,1030,969,786,665,490,368,215,144,13040,484,515,660,828,838,569,570,566,681,905,1047,1040,1001,845,794,599,471,344,283,25307,12049,542,540,594,668,768,713,579,498,620,702,826,955,989,930,731,596,399,250,149,13258,521,535,604,744,772,767,569,635,677,763,935,1032,1014,973,802,738,528,352,297
North Stonington town,5328,2708,81,131,191,195,143,63,78,112,170,209,288,281,274,168,150,77,48,37,12,2620,81,131,155,172,105,45,74,141,167,251,258,262,242,189,111,100,71,49,16,5270,2680,60,84,151,203,174,95,45,80,137,187,225,298,276,261,159,132,60,34,19,2590,61,90,139,159,146,54,27,93,168,193,259,255,262,234,174,106,87,53,30,5143,2619,57,63,104,163,182,126,76,47,105,154,204,236,292,263,243,140,102,42,20,2524,55,70,99,143,133,90,38,46,120,194,201,256,255,253,216,162,91,65,37
Norwalk town,87329,42837,3087,2828,2244,2323,2187,2669,4072,3862,3252,2898,3039,2833,2330,1893,1240,821,646,409,204,44492,2926,2641,2200,2255,2004,2504,4003,3725,3162,2997,3310,3062,2593,2269,1634,1133,951,693,430,88797,43552,3083,2887,2491,2056,2079,2439,3393,4422,3685,2935,2632,2866,2642,2103,1570,1003,628,397,241,45245,2922,2711,2345,2085,2041,2280,3286,4355,3556,2870,2803,3181,2928,2409,2046,1372,908,680,467,89591,43915,2851,2883,2551,2303,1813,2331,3165,3746,4241,3363,2668,2467,2674,2395,1756,1293,782,385,248,45676,2702,2707,2415,2230,1871,2317,3062,3639,4183,3261,2677,2682,3044,2731,2178,1738,1110,652,477
Norwich town,42810,20860,1258,1310,1252,1263,1345,1512,1729,1413,1373,1352,1539,1543,1307,1056,648,364,315,184,97,21950,1203,1200,1184,1303,1364,1526,1751,1420,1331,1497,1614,1589,1379,1112,744,577,439,427,290,45132,22110,1335,1227,1321,1291,1279,1475,1718,1783,1453,1401,1374,1574,1531,1252,960,550,283,198,105,23022,1275,1175,1193,1247,1350,1496,1703,1777,1469,1386,1534,1649,1588,1344,1047,672,474,324,319,47289,23242,1334,1304,1238,1360,1307,1409,1681,1772,1820,1479,1421,1413,1560,1463,1140,821,429,179,112,24047,1275,1246,1168,1255,1293,1482,1673,1730,1825,1523,1424,1570,1646,1544,1263,945,555,350,280
Old Lyme town,7576,3707,98,172,252,281,173,78,96,113,211,283,322,341,345,284,256,156,140,71,35,3869,85,167,279,259,188,40,82,138,245,298,331,381,340,343,246,155,144,87,61,7473,3634,88,121,202,261,226,113,67,108,148,234,288,322,343,341,273,231,130,96,42,3839,76,111,207,299,201,124,34,114,186,266,302,336,384,345,321,222,133,106,72,7308,3532,103,111,151,211,205,166,97,79,143,172,239,289,325,339,325,245,188,90,54,3776,91,102,150,226,241,133,110,66,161,208,271,308,340,387,324,287,188,99,84
Old Saybrook town,9993,4738,116,207,292,352,259,142,116,150,237,354,435,413,387,383,303,230,184,130,48,5255,113,200,301,342,220,69,91,166,249,377,492,486,431,452,402,299,259,172,134,9640,4555,101,135,220,306,305,201,112,124,172,254,374,422,413,381,364,277,196,125,73,5085,99,125,226,312,273,151,55,108,191,276,399,502,502,435,446,383,260,195,147,9226,4354,117,120,148,235,259,246,171,120,147,189,276,363,422,406,363,330,232,132,78,4872,113,111,152,238,243,193,127,73,133,217,299,410,518,504,429,422,331,196,163
Orange town,14242,6889,227,344,525,643,402,184,188,262,434,578,676,648,500,416,260,202,181,145,74,7353,219,352,543,592,356,174,192,331,512,665,661,611,510,444,336,234,255,210,156,14450,6982,218,273,431,593,573,294,140,226,353,526,623,683,617,460,363,229,164,127,89,7468,211,279,439,615,506,250,155,265,445,603,691,654,592,482,414,297,199,192,179,14680,7082,251,264,361,500,524,464,249,178,317,445,572,631,651,569,402,317,185,117,85,7598,242,271,366,510,528,400,231,228,379,537,629,683,634,562,450,367,251,153,177
Oxford town,13791,6826,237,389,534,549,377,172,207,314,485,650,626,553,516,451,324,227,124,63,28,6965,217,375,557,491,311,151,203,400,561,622,616,612,551,455,359,219,129,88,48,14714,7244,222,279,464,598,507,293,143,260,427,573,685,634,561,515,449,315,192,89,38,7470,202,256,450,597,446,240,151,312,516,636,641,635,637,561,475,349,198,103,65,15532,7601,259,264,354,529,556,422,263,196,374,515,609,692,638,557,507,422,259,133,52,7931,239,241,331,490,552,374,239,260,428,591,656,660,661,644,575,454,305,153,78
Plainfield town,15759,7732,420,444,545,564,520,386,452,598,560,575,633,588,468,339,264,174,121,58,23,8027,408,472,518,542,497,371,499,590,553,590,634,588,469,404,276,251,158,109,98,15992,7842,392,426,468,558,511,456,396,513,618,560,565,606,561,433,305,234,136,73,31,8150,382,420,500,543,500,446,391,547,604,554,580,622,566,447,383,249,204,113,99,16130,7893,388,398,450,481,505,447,465,457,534,617,550,539,577,520,391,269,182,83,40,8237,376,394,449,525,502,449,466,440,561,604,544,568,599,540,424,345,203,146,102
Plainville town,18145,8771,489,414,468,544,542,500,639,587,605,645,689,687,593,486,341,239,159,94,50,9374,466,438,456,558,503,491,663,635,626,669,660,748,648,546,420,309,227,182,129,18498,8922,491,493,432,511,511,537,556,670,582,609,616,649,654,544,434,300,179,102,52,9576,469,466,464,491,534,500,586,718,649,617,653,644,728,614,509,378,255,162,139,18760,9021,482,495,510,474,479,506,593,588,665,587,580,578,618,601,487,381,227,114,56,9739,459,469,492,499,467,531,595,641,733,640,601,637,626,691,574,458,312,182,132
Plymouth town,12550,6196,286,310,356,508,388,251,305,391,438,542,513,560,475,351,213,133,89,54,33,6354,274,285,392,404,374,271,343,407,429,510,599,561,471,361,219,167,127,87,73,12790,6286,277,285,333,388,465,316,246,344,433,463,534,514,551,452,307,181,107,55,35,6504,264,281,317,420,369,312,303,388,442,446,524,596,568,458,326,199,135,87,69,12968,6332,281,276,307,365,345,393,311,285,386,458,456,534,507,523,398,262,144,66,35,6636,269,271,313,345,385,308,344,348,423,459,460,521,603,552,417,295,161,93,69
Pomfret town,4473,2220,85,121,171,190,173,58,78,102,183,185,199,199,171,104,86,61,26,21,7,2253,79,102,177,209,142,69,93,121,177,177,212,209,162,99,97,44,41,22,21,4678,2326,86,108,152,198,179,135,51,92,138,198,192,200,196,153,95,76,50,17,10,2352,80,92,130,205,196,119,60,117,150,194,188,209,200,147,94,89,33,28,21,4876,2425,101,109,138,178,187,141,128,66,128,153,204,193,197,177,139,84,61,32,9,2451,94,93,120,158,192,173,110,84,147,167,205,185,199,183,138,86,71,23,23
Portland town,9815,4767,205,245,286,353,276,163,232,284,348,398,413,404,365,289,192,119,103,68,24,5048,194,271,346,322,207,139,262,299,383,406,416,397,397,323,210,175,123,106,72,10017,4861,188,212,256,295,308,237,181,283,331,360,412,418,392,356,259,170,96,72,35,5156,178,215,295,349,263,165,179,315,342,392,406,417,410,393,310,198,152,92,85,10159,4920,190,195,223,264,249,269,255,232,330,344,374,416,406,382,321,227,136,67,40,5239,179,199,240,299,290,221,205,233,358,351,392,407,430,405,375,288,171,113,83
Preston town,4739,2361,90,104,146,174,129,56,82,125,122,186,231,245,194,167,120,82,56,39,13,2378,81,105,160,137,136,67,99,118,154,198,212,233,210,143,122,88,52,44,19,4699,2333,80,98,120,161,157,95,38,94,128,137,196,229,235,191,151,101,65,37,20,2366,74,89,126,173,117,102,67,107,130,167,202,215,232,201,126,107,69,34,28,4629,2292,81,88,114,135,143,123,77,50,98,144,148,195,221,231,172,128,80,43,21,2337,73,82,110,139,153,83,101,75,119,143,171,205,214,222,180,110,85,45,27
Prospect town,9659,4636,172,206,319,346,295,227,152,216,320,407,438,424,361,265,212,123,82,48,23,5023,168,254,347,380,286,186,163,192,376,405,461,491,352,301,235,138,133,98,57,9866,4715,177,187,229,343,323,250,203,187,265,339,423,438,410,343,240,183,94,53,28,5151,174,185,291,380,361,239,170,189,244,400,431,470,489,341,282,208,123,103,71,10057,4781,206,192,210,252,319,277,225,238,236,284,356,424,424,389,311,207,140,59,32,5276,201,191,222,324,360,313,222,197,241,269,426,441,469,473,319,251,181,97,79
Putnam town,9935,4905,268,293,334,371,397,272,370,288,329,333,341,368,281,256,149,91,72,61,31,5030,253,280,248,246,269,264,373,326,305,314,397,401,363,284,195,157,144,102,109,10245,5097,258,273,314,390,378,383,306,371,299,332,324,342,353,270,221,126,71,49,37,5148,244,260,278,243,238,261,298,387,331,314,320,412,411,348,271,184,141,105,102,10478,5248,237,263,294,370,397,364,417,307,381,301,324,325,328,338,233,187,99,49,34,5230,224,251,258,273,235,231,296,312,391,340,320,336,421,394,330,252,163,103,100
Redding town,9196,4379,106,256,419,436,225,31,68,106,205,410,503,443,342,300,193,107,91,71,67,4817,101,232,420,453,199,39,72,137,298,486,508,517,370,264,175,131,123,148,144,9233,4360,103,150,316,452,350,131,24,84,157,283,444,503,410,300,260,162,91,72,68,4873,99,143,306,462,363,124,28,106,218,366,520,514,488,328,232,159,127,120,170,9223,4315,138,147,211,350,365,239,103,40,136,235,318,446,468,364,260,220,134,72,69,4908,132,141,218,349,373,262,103,62,187,287,402,525,484,442,292,209,150,125,165
Ridgefield town,24621,11966,329,820,1242,1436,720,48,203,382,703,1140,1329,1117,806,617,367,281,217,149,60,12655,321,780,1193,1244,645,52,228,483,923,1269,1425,1123,800,607,462,365,302,246,187,24580,11981,309,468,1015,1354,1173,468,39,279,552,858,1218,1263,1020,694,510,300,222,150,89,12599,303,440,958,1266,968,395,78,342,689,1087,1318,1345,1008,684,520,407,314,248,229,24345,11905,391,448,663,1127,1091,870,391,115,449,709,941,1155,1161,897,581,423,239,155,99,12440,380,422,619,1032,990,669,343,192,548,855,1137,1239,1225,884,593,459,349,257,247
Rocky Hill town,20556,10060,545,485,560,619,490,527,855,612,570,654,797,802,738,664,411,255,209,154,113,10496,515,455,553,587,407,553,892,577,543,677,804,809,763,685,428,357,339,269,283,21341,10475,560,556,523,605,582,533,679,872,598,568,677,798,792,695,606,363,211,141,116,10866,531,519,490,594,529,478,726,879,555,553,668,811,805,763,648,414,330,283,290,21982,10815,536,571,595,568,569,624,685,697,855,596,592,681,788,745,633,531,293,144,112,11167,507,535,555,532,536,599,651,714,855,565,546,678,807,802,721,610,378,276,300
Roxbury town,2297,1148,27,35,75,101,50,16,25,42,44,76,125,128,101,118,99,50,19,12,5,1149,26,41,68,81,50,12,39,30,59,98,106,130,126,113,81,36,22,19,12,2314,1149,24,28,47,86,86,30,15,31,48,51,91,128,127,101,116,86,37,10,7,1165,26,31,50,78,71,29,14,41,39,72,106,113,136,127,105,69,27,16,15,2302,1130,27,25,40,58,71,65,24,21,37,55,67,94,128,126,100,101,64,21,6,1172,28,31,40,60,68,50,29,17,51,52,80,113,119,136,118,90,55,20,15
Salem town,4244,2153,75,115,158,190,138,41,95,133,176,171,198,220,161,124,91,36,14,13,4,2091,73,124,153,186,106,55,59,125,158,196,184,225,159,127,83,31,22,13,12,4295,2185,65,83,135,174,161,101,40,126,165,188,173,193,207,150,109,73,27,8,7,2110,64,84,147,166,147,68,46,86,149,166,187,186,221,149,118,73,25,16,12,4315,2201,69,73,102,151,145,124,100,71,158,176,190,169,180,193,133,89,55,17,6,2114,68,75,106,160,127,109,59,73,110,157,157,189,182,208,139,105,60,17,13
Salisbury town,3619,1721,44,61,94,112,50,9,75,61,113,110,147,147,157,159,133,109,72,41,27,1898,39,52,104,121,58,9,41,86,99,108,160,180,188,193,161,104,74,53,68,3452,1639,33,48,73,100,72,9,10,84,80,123,121,147,140,152,152,123,91,52,29,1813,27,38,67,116,87,14,9,58,98,106,117,166,180,184,188,150,91,56,61,3233,1528,27,37,60,79,60,25,5,20,104,91,135,122,140,137,146,140,101,64,35,1705,24,26,53,78,82,40,8,26,70,105,115,123,166,176,180,175,129,69,60
Scotland town,1783,918,31,36,55,87,53,36,31,52,63,73,88,70,72,77,49,20,15,7,3,865,30,49,57,65,34,31,30,52,70,72,83,80,70,54,40,28,11,7,2,1820,940,26,30,42,64,82,38,31,40,60,67,76,90,72,75,73,44,16,10,4,880,26,31,57,56,54,23,33,40,63,70,74,84,82,68,50,36,23,7,3,1833,947,27,25,36,51,58,66,33,40,47,65,71,78,91,75,71,64,34,10,5,886,26,27,38,55,45,42,25,43,51,63,72,75,86,80,63,46,31,15,3
Seymour town,17014,8326,416,447,547,589,505,407,505,486,582,683,720,722,553,446,268,177,119,98,56,8688,393,437,545,524,494,372,510,526,640,651,718,760,540,489,319,195,210,180,185,17421,8567,406,425,501,586,558,458,440,547,531,600,693,702,702,518,393,225,138,81,63,8854,383,410,466,570,479,458,413,570,572,652,649,714,741,518,456,286,170,166,181,17773,8767,409,415,478,540,556,511,491,482,590,550,611,675,682,659,459,332,175,94,58,9006,386,400,439,491,525,443,499,474,616,584,650,646,695,711,483,408,245,139,172
Sharon town,2676,1304,37,57,70,49,51,21,38,38,57,102,136,143,128,115,92,67,50,34,19,1372,34,48,75,69,57,11,40,50,66,99,140,132,144,132,100,55,52,34,34,2536,1222,26,40,60,65,31,24,13,36,45,70,106,137,137,126,109,81,57,36,23,1314,23,38,55,78,50,28,7,46,58,74,105,137,139,144,129,88,45,38,32,2374,1130,23,29,44,55,47,8,17,12,43,58,75,108,131,134,119,95,67,40,25,1244,21,27,46,58,59,18,22,13,54,66,81,103,144,139,140,115,72,33,33
Shelton town,39981,19438,834,994,1235,1344,1090,867,998,1044,1204,1529,1723,1737,1361,1210,842,585,410,279,152,20543,798,944,1168,1398,957,748,971,1094,1363,1548,1765,1776,1401,1297,1016,741,607,495,456,40094,19524,794,879,1069,1274,1208,954,882,1088,1114,1265,1564,1709,1674,1283,1093,736,468,288,182,20570,760,839,1023,1236,1237,806,792,1084,1206,1398,1563,1772,1729,1333,1216,937,656,489,494,39985,19483,793,839,954,1108,1138,1072,969,974,1158,1176,1305,1553,1647,1578,1159,951,586,326,197,20502,760,801,918,1091,1076,1086,850,906,1196,1242,1414,1573,1725,1648,1250,1116,820,525,505
Sherman town,3431,1740,37,86,127,150,85,30,31,52,93,141,193,196,170,116,98,67,34,21,13,1691,38,89,125,145,91,5,24,48,102,160,201,181,152,109,96,54,39,17,15,3277,1669,32,47,105,127,117,44,24,42,66,115,150,195,188,153,101,79,49,22,13,1608,34,48,105,134,109,50,6,24,70,121,166,190,166,136,91,81,40,24,13,3086,1588,39,42,66,104,94,74,35,34,56,88,124,154,188,171,135,81,58,32,13,1498,39,44,64,114,98,61,36,7,45,88,127,156,174,149,116,76,63,25,16
Simsbury town,23343,11393,355,669,1066,1257,754,90,288,527,798,992,1106,1033,769,596,398,267,203,132,93,11950,348,679,1011,1099,650,28,292,592,875,1050,1280,1094,853,625,437,328,283,223,203,23208,11328,312,453,836,1174,1036,476,102,399,676,905,1017,1050,948,662,509,334,204,134,101,11880,307,452,832,1094,883,397,77,418,748,982,1087,1215,1001,741,552,386,272,219,217,22854,11160,368,410,620,943,953,722,417,214,549,784,931,963,964,830,569,429,258,134,102,11694,361,411,605,915,877,576,366,204,575,856,1019,1024,1119,884,661,489,321,211,220
Somers town,10774,6002,152,242,374,459,595,505,364,324,380,447,547,453,344,273,231,122,101,55,34,4772,150,223,330,413,256,112,154,209,302,408,547,434,366,263,197,158,117,85,48,10402,5479,149,185,300,467,686,568,354,313,315,273,256,378,338,292,219,186,95,69,36,4923,147,171,279,390,361,182,99,191,263,369,450,540,432,347,241,176,135,89,61,10278,5208,174,182,242,393,694,658,431,313,315,272,191,129,265,286,236,176,144,64,43,5070,169,168,227,339,339,287,169,137,246,330,411,445,536,411,320,216,150,101,69
South Windsor town,26089,12628,515,682,1019,1090,912,368,469,650,907,1004,1142,1094,887,603,431,321,276,160,98,13461,487,635,888,1078,671,290,559,805,945,1085,1230,1177,910,722,566,443,450,307,213,26172,12719,461,591,824,1115,949,703,338,590,800,975,1007,1097,1022,779,523,373,260,197,115,13453,433,542,761,964,899,463,302,703,957,990,1072,1183,1096,838,676,532,408,362,272,26112,12747,468,538,734,919,973,739,670,459,741,870,978,966,1025,906,684,452,301,187,137,13365,440,488,668,838,785,691,475,447,856,1002,978,1026,1101,1017,785,630,483,331,324
Southbury town,20277,9487,262,426,722,741,506,190,233,324,521,731,866,908,744,669,526,336,344,272,166,10790,248,399,630,712,465,156,217,388,611,827,901,848,771,795,703,544,599,538,438,20479,9585,251,318,537,793,638,351,140,295,429,621,801,886,884,732,641,497,321,264,186,10894,235,310,503,682,601,319,149,299,513,723,880,911,853,808,838,728,546,505,491,20652,9667,296,307,429,608,689,482,302,202,400,530,693,823,863,865,699,596,444,251,188,10985,278,297,413,554,571,449,313,231,425,626,777,890,915,887,850,849,699,465,496
Southington town,44295,21299,921,1214,1607,1591,1194,794,917,1191,1519,1713,1765,1644,1386,1278,1033,646,460,288,138,22996,865,1171,1619,1509,1161,764,962,1273,1599,1848,1784,1765,1557,1559,1160,791,676,549,384,45141,21678,879,1019,1351,1711,1455,971,779,1064,1367,1594,1732,1749,1579,1327,1175,915,525,314,172,23463,826,970,1345,1710,1404,969,778,1143,1456,1684,1859,1787,1746,1533,1474,1073,712,531,463,45806,21952,936,977,1156,1454,1574,1230,954,925,1239,1444,1614,1717,1680,1508,1220,1036,737,355,196,23854,879,930,1143,1436,1604,1211,983,959,1327,1543,1697,1861,1768,1715,1451,1354,949,559,485
Sprague town,3016,1493,82,112,114,84,84,66,109,128,91,87,119,140,107,59,45,39,19,5,3,1523,80,104,125,94,91,69,102,114,81,94,149,129,97,64,55,29,23,19,4,3031,1502,75,91,118,116,68,73,74,129,122,81,85,115,131,95,49,40,28,10,2,1529,75,86,123,127,73,77,78,114,112,77,98,144,118,86,56,44,21,13,7,3024,1501,72,84,98,120,100,57,80,94,124,113,79,82,107,118,82,44,28,15,4,1523,70,81,105,125,107,58,85,89,111,107,80,94,133,106,77,45,34,11,5
Stafford town,12381,6143,274,331,394,433,389,284,333,379,440,497,543,548,436,303,225,157,76,64,37,6238,272,330,361,434,303,255,347,360,444,486,546,565,432,344,211,185,123,126,114,12585,6272,256,286,356,418,413,343,285,388,416,469,498,530,522,396,280,198,124,52,42,6313,253,278,357,377,380,247,266,391,394,459,483,550,553,415,324,202,159,101,124,12692,6343,244,268,310,379,398,366,343,340,424,445,471,487,505,478,364,246,155,82,38,6349,243,259,305,373,323,323,258,310,426,409,456,488,538,531,390,303,172,126,116
Stamford town,126810,62860,4941,3839,3027,3371,3230,4703,6902,5989,4546,4050,3948,3802,3127,2581,1749,1165,889,636,365,63950,4711,3657,3017,3038,2785,3952,6336,5754,4201,4146,4407,4188,3501,3002,2179,1616,1377,1260,823,130830,65249,5001,4493,3350,2823,3188,4016,6038,7385,5660,4041,3660,3696,3533,2823,2264,1476,835,575,392,65581,4768,4345,3180,2785,2695,3348,5246,6862,5443,3776,3859,4243,3970,3200,2683,1872,1329,1053,924,133821,67085,4558,4553,4004,3146,2643,3975,5355,6527,7044,5147,3651,3417,3431,3210,2491,1939,1079,540,375,66736,4346,4401,3868,2947,2442,3259,4642,5772,6548,5014,3490,3699,4025,3648,2870,2338,1554,1015,858
Sterling town,4168,2146,92,137,149,149,164,90,122,142,171,178,200,190,135,89,79,29,22,7,1,2022,90,122,164,133,117,73,99,139,179,204,199,176,117,101,47,27,17,12,6,4472,2297,86,102,148,160,156,156,101,141,161,185,181,208,186,133,87,68,24,12,2,2175,83,102,145,170,122,98,81,121,162,203,215,206,177,120,92,38,22,11,7,4742,2424,90,96,113,158,166,147,166,120,160,175,188,190,203,181,126,74,53,14,4,2318,87,95,124,152,159,103,105,103,145,186,213,222,207,178,110,78,31,13,7
Stonington town,18680,9058,334,442,611,611,510,320,350,397,445,734,784,817,748,637,476,329,250,170,93,9622,309,410,554,646,399,287,354,405,533,800,823,855,740,722,529,403,341,300,212,18628,9038,312,373,501,652,546,427,313,357,410,498,743,801,812,727,585,427,272,172,110,9590,288,351,467,593,566,316,286,368,446,585,822,842,856,735,693,491,357,283,245,18484,8962,324,351,432,541,586,463,419,321,370,463,510,760,797,787,666,522,348,185,117,9522,299,330,408,507,514,482,315,300,410,499,609,841,843,847,706,638,430,295,249
Stratford town,52338,24674,1309,1402,1627,1757,1552,1157,1377,1633,1667,1779,1928,1861,1537,1365,952,654,523,406,188,27664,1243,1409,1540,1814,1471,1192,1608,1855,1826,2054,2101,2055,1802,1569,1213,924,786,675,527,53126,25057,1296,1329,1482,1721,1628,1396,1238,1574,1732,1658,1753,1906,1791,1439,1218,816,508,345,227,28069,1228,1265,1482,1633,1679,1355,1399,1853,1987,1884,2037,2102,2012,1724,1455,1094,768,563,549,53841,25379,1303,1316,1409,1576,1592,1472,1476,1436,1674,1723,1634,1736,1834,1678,1287,1047,637,335,214,28462,1235,1250,1338,1576,1499,1563,1561,1644,1985,2044,1869,2039,2058,1925,1601,1310,913,553,499
Suffield town,15768,8757,226,317,442,739,801,636,553,617,704,814,714,611,483,388,270,163,132,103,44,7011,234,313,461,596,373,208,271,348,482,634,708,579,450,385,274,207,201,154,133,15766,8737,232,258,328,648,895,714,539,594,667,762,719,610,532,423,311,222,135,93,55,7029,241,256,339,528,471,302,225,349,441,573,673,630,543,392,339,258,168,161,140,15778,8721,262,264,269,534,805,808,617,581,644,726,668,615,530,468,343,257,181,95,54,7057,269,263,282,405,404,400,318,303,442,532,613,595,593,482,346,316,210,138,146
Thomaston town,8030,3885,168,187,274,330,257,115,180,197,249,365,366,385,276,211,120,93,59,30,23,4145,159,196,278,286,231,156,191,205,303,384,361,382,274,231,164,123,93,76,52,8108,3916,160,179,222,302,300,200,113,189,218,263,368,364,370,250,187,103,69,39,20,4192,151,167,218,298,253,190,158,211,243,322,381,356,373,266,219,151,105,73,57,8162,3933,166,171,215,250,273,243,197,122,210,232,268,367,350,339,224,161,77,45,23,4229,157,159,189,238,265,213,193,178,249,262,320,377,348,362,251,199,128,83,58
Thompson town,9733,4862,202,263,290,369,333,179,228,271,358,390,455,444,330,253,209,126,85,55,22,4871,190,215,314,341,265,179,216,279,392,362,445,460,343,266,208,148,106,91,51,9924,4952,190,221,288,319,340,276,167,265,316,378,390,462,435,311,230,179,99,58,28,4972,179,199,256,339,324,214,172,258,329,399,366,454,458,330,251,185,118,80,61,10073,5012,198,209,246,317,290,283,264,204,309,336,378,398,452,411,283,196,140,67,31,5061,186,188,240,281,323,273,207,214,308,337,403,375,452,441,312,224,148,89,60
Tolland town,15682,7798,272,440,712,756,458,258,210,348,569,732,757,721,525,399,279,180,98,63,21,7884,256,451,663,720,381,217,213,410,644,795,738,724,500,395,304,188,122,78,85,16191,8051,261,320,548,775,681,361,213,269,462,641,757,763,694,474,351,238,143,65,35,8140,247,309,542,722,645,267,197,300,531,711,818,733,688,453,360,273,157,94,93,16672,8282,309,308,427,610,700,583,316,272,384,535,668,763,735,634,419,300,186,93,40,8390,294,300,400,601,648,531,247,284,421,599,735,812,697,634,415,323,227,118,104
Torrington town,36936,18122,911,1108,1090,1129,1064,991,1258,1100,1059,1369,1416,1580,1274,1001,651,410,299,240,172,18814,868,991,1013,1046,895,971,1214,1148,1128,1338,1594,1524,1313,1024,762,556,532,476,421,37392,18362,906,911,1123,1099,1045,998,1092,1338,1121,1053,1323,1425,1542,1222,905,564,313,209,173,19030,866,886,1007,1024,958,890,1080,1318,1161,1123,1353,1593,1518,1275,957,692,485,414,430,37683,18493,871,906,927,1132,1016,979,1099,1173,1357,1115,1012,1334,1393,1474,1108,784,435,219,159,19190,831,884,902,1018,936,953,1000,1185,1331,1156,1140,1355,1585,1472,1192,866,599,382,403
Trumbull town,36207,17413,623,1110,1560,1619,959,470,452,722,1168,1455,1601,1525,1148,871,671,455,481,304,219,18794,591,1019,1451,1563,919,467,534,861,1386,1621,1740,1517,1125,935,760,686,611,528,480,36190,17402,589,751,1300,1663,1388,700,375,549,924,1277,1500,1566,1456,1063,766,580,381,337,237,18788,557,709,1191,1566,1342,684,398,692,1108,1524,1642,1703,1438,1044,863,696,606,499,526,36215,17402,666,717,941,1402,1432,1126,604,472,752,1035,1324,1467,1496,1354,943,662,480,273,256,18813,631,675,882,1307,1345,1095,617,557,939,1248,1546,1606,1620,1345,965,789,616,497,533
Union town,912,453,14,22,27,22,24,19,12,17,34,34,50,33,29,46,32,19,11,5,3,459,10,17,36,24,23,14,15,21,32,41,51,30,45,30,31,12,13,7,7,956,471,14,16,22,28,24,21,20,14,22,38,37,47,33,32,46,30,16,8,3,485,13,12,21,35,23,22,16,18,26,37,43,52,33,45,33,29,11,10,6,995,484,15,16,16,23,30,21,23,23,19,25,40,34,46,36,34,43,25,11,4,511,15,15,16,20,35,22,24,19,22,31,39,44,55,34,47,31,25,9,8
Vernon town,29916,14304,959,801,717,746,716,1061,1338,984,812,866,1047,1130,890,730,593,373,267,187,87,15612,928,776,687,673,775,1285,1513,983,799,915,1098,1179,983,886,705,479,400,288,260,30658,14652,1026,913,736,673,702,829,1257,1339,900,748,832,1034,1074,823,652,520,301,178,115,16006,993,887,722,635,649,987,1501,1484,881,745,886,1110,1155,919,839,633,405,304,271,31096,14839,941,980,848,692,629,816,1026,1258,1253,835,716,824,981,996,738,570,415,201,120,16257,910,952,834,670,611,861,1202,1471,1380,827,718,901,1087,1083,870,756,533,308,283
Voluntown town,2590,1310,43,79,84,68,69,30,46,68,109,132,143,123,129,81,54,19,21,9,3,1280,40,66,86,97,66,13,35,75,120,119,146,132,93,66,50,30,20,17,9,2543,1279,32,45,82,80,48,49,25,54,76,115,131,144,127,124,72,46,14,12,3,1264,31,43,71,88,82,36,13,47,84,124,119,148,129,90,63,45,24,15,12,2474,1238,33,34,48,78,60,28,44,33,63,83,114,132,147,122,111,61,34,8,5,1236,32,34,48,73,73,52,32,25,56,88,123,121,145,125,86,57,37,18,11
Wallingford town,46033,22247,1124,1213,1307,1438,1281,1060,1417,1367,1444,1621,1856,1842,1599,1240,865,587,407,360,219,23786,1075,1102,1331,1474,1171,1120,1484,1418,1423,1623,1904,1965,1697,1408,1023,692,711,630,535,46699,22620,1121,1172,1250,1354,1283,1168,1165,1531,1443,1469,1629,1828,1763,1502,1131,767,485,301,258,24079,1076,1099,1154,1371,1312,1114,1278,1609,1457,1427,1609,1899,1928,1625,1339,947,645,589,601,47104,22844,1090,1169,1208,1298,1199,1170,1272,1280,1605,1467,1479,1607,1749,1657,1371,996,628,353,246,24260,1045,1100,1152,1195,1210,1255,1273,1403,1647,1461,1416,1608,1864,1848,1542,1231,859,542,609
Warren town,1540,779,21,36,51,62,44,7,17,26,47,70,77,59,67,62,64,30,24,9,6,761,20,41,39,46,32,9,19,43,63,62,60,71,76,69,50,28,16,14,3,1598,802,16,22,44,58,55,37,5,20,31,56,80,75,62,72,65,57,25,16,6,796,16,26,44,43,40,20,10,28,57,70,63,65,77,78,68,48,24,12,7,1635,812,19,17,30,51,51,46,32,9,25,40,66,78,77,67,74,58,46,17,9,823,18,22,29,48,37,28,22,19,42,64,71,69,71,79,76,64,40,17,7
Washington town,3535,1748,49,73,102,131,101,31,37,57,99,125,139,177,192,153,115,76,52,29,10,1787,46,74,116,114,63,31,41,70,90,134,133,206,183,158,117,83,62,38,28,3439,1698,35,55,85,115,105,52,21,40,68,114,130,152,189,183,145,102,61,31,15,1741,33,56,91,127,86,28,23,39,74,103,145,148,210,175,150,107,68,48,30,3298,1617,33,42,68,97,89,57,31,24,51,83,118,142,165,180,173,129,81,37,17,1681,31,43,74,102,99,50,22,22,44,87,115,159,153,201,166,136,88,53,36
Waterbury town,112736,53960,3965,3875,3689,4023,4121,3775,3976,3619,3206,3443,3488,3541,2775,2256,1631,1005,759,486,327,58776,3763,3749,3569,3802,4035,4325,4694,3976,3611,3730,4017,3837,3127,2574,1801,1370,1175,874,747,115126,55320,4026,3827,3778,3658,3930,4164,3983,4018,3440,3056,3262,3356,3316,2614,2028,1334,742,468,320,59806,3823,3605,3619,3522,3772,4318,4711,4718,3796,3470,3663,3942,3675,2838,2269,1543,1081,776,665,117146,56409,3935,3889,3729,3747,3567,3974,4369,4025,3836,3288,2889,3141,3144,3117,2350,1653,984,461,311,60737,3736,3665,3475,3572,3492,4055,4704,4734,4533,3653,3407,3598,3774,3347,2509,1960,1224,709,590
Waterford town,19543,9524,339,479,623,754,605,263,313,411,573,778,930,837,708,603,458,321,246,186,97,10019,317,441,603,648,551,244,272,508,648,835,882,921,739,632,523,370,345,281,259,19394,9481,290,369,552,704,699,476,177,341,495,642,816,928,816,674,552,402,262,167,119,9913,272,356,517,673,576,424,144,334,593,712,859,900,915,730,591,474,313,266,264,19203,9401,308,320,442,632,649,570,389,205,425,565,682,816,903,776,616,483,324,178,118,9802,288,311,432,587,600,449,324,207,419,657,737,876,894,900,683,535,401,244,258
Watertown town,22863,11100,480,615,709,815,713,435,509,613,709,819,935,953,834,687,489,308,255,150,72,11763,463,493,684,830,613,456,534,596,731,884,1033,1119,856,763,533,411,324,250,190,23020,11188,460,510,679,770,742,603,417,558,663,732,830,929,916,788,633,438,256,172,92,11832,442,495,560,728,728,506,441,586,651,766,904,1041,1106,835,729,491,367,249,207,23029,11192,458,490,574,740,696,632,584,466,608,687,743,827,892,865,727,564,357,173,109,11837,440,474,562,604,626,621,491,493,641,686,787,914,1030,1074,796,667,435,283,213
West Hartford town,63261,29460,1512,1856,2335,2374,1988,1178,1305,1692,2005,2129,2283,2213,1840,1630,991,709,597,482,341,33801,1433,1822,2252,2306,2190,1438,1419,1988,2268,2501,2623,2519,2171,1843,1199,1018,962,950,899,63007,29405,1408,1612,2038,2499,2220,1747,798,1391,1843,2095,2169,2217,2057,1685,1460,840,565,412,349,33602,1334,1538,2018,2422,2261,2034,1048,1561,2182,2408,2524,2604,2354,2016,1682,1063,878,773,902,62850,29352,1463,1508,1795,2202,2345,1978,1364,886,1543,1935,2135,2107,2061,1890,1510,1246,668,394,322,33498,1387,1439,1734,2187,2376,2105,1643,1191,1757,2323,2433,2507,2437,2192,1845,1497,917,712,816
West Haven town,56172,27368,1600,1495,1541,2170,2260,1939,2211,1952,1688,1870,1895,1876,1516,1263,800,512,378,274,128,28804,1550,1366,1400,2191,2164,1964,2271,1930,1723,1865,2037,2124,1734,1521,931,623,572,477,361,56739,27801,1633,1403,1421,2123,2157,1798,2153,2290,1933,1658,1774,1836,1772,1336,1089,672,368,243,142,28938,1580,1340,1246,2021,2050,1836,2164,2283,1903,1650,1826,2015,2008,1632,1326,781,522,385,370,57064,28083,1563,1436,1329,2002,2109,1695,2012,2232,2269,1900,1565,1717,1733,1578,1156,922,494,236,135,28981,1513,1370,1221,1867,1880,1722,2036,2176,2254,1829,1613,1807,1902,1895,1430,1136,655,349,326
Westbrook town,7187,3532,120,136,191,248,236,138,160,178,236,261,266,320,271,244,224,134,86,55,28,3655,113,145,209,215,166,109,134,170,196,272,311,333,316,292,249,153,116,103,53,7365,3614,119,126,144,219,241,211,146,179,197,248,264,275,325,273,242,202,109,60,34,3751,113,123,168,224,195,138,120,155,187,209,294,330,354,325,294,229,134,88,71,7498,3670,131,125,134,172,212,215,218,165,198,210,252,273,282,324,269,218,160,75,37,3828,124,123,145,183,204,167,148,142,172,200,231,313,351,362,324,270,197,101,71
Weston town,10173,5061,105,359,644,633,274,9,29,103,275,518,557,502,391,267,187,77,65,50,16,5112,96,301,584,572,316,33,25,131,354,587,625,515,358,230,165,85,64,44,27,10186,5085,114,190,490,688,469,147,7,54,186,381,553,539,455,337,216,140,53,42,24,5101,104,158,413,623,433,213,19,59,239,456,606,589,455,295,186,126,57,39,31,10154,5077,175,199,320,535,524,315,102,33,138,292,418,535,491,397,280,164,101,35,23,5077,162,166,271,453,484,294,172,54,168,343,476,571,528,388,247,145,91,34,30
Westport town,26271,12739,308,916,1463,1365,730,38,70,333,786,1191,1359,1191,893,670,553,346,241,197,89,13532,297,888,1307,1333,684,27,132,425,1036,1379,1478,1236,877,690,547,381,345,266,204,26213,12778,295,495,1141,1554,1096,467,26,146,561,960,1243,1331,1101,791,578,457,264,157,115,13435,284,466,1097,1385,1066,466,20,233,686,1202,1413,1425,1113,755,582,464,302,249,227,26075,12766,424,482,720,1232,1284,778,376,102,375,738,1016,1218,1236,988,689,478,351,173,106,13309,408,453,676,1176,1118,783,389,122,495,855,1239,1361,1297,981,643,495,372,218,228
Wethersfield town,27051,12689,590,667,810,921,707,482,675,803,804,922,1052,1016,832,739,544,414,313,264,134,14362,558,702,855,868,638,508,726,856,911,1049,1186,1140,1005,831,672,554,559,450,294,27342,12859,577,607,721,861,851,630,552,788,863,843,934,1057,981,778,668,465,321,207,155,14483,544,599,784,912,794,575,596,866,945,956,1081,1191,1103,951,773,608,472,406,327,27636,13020,591,594,662,772,791,772,699,666,848,900,856,941,1021,919,705,572,361,213,137,14616,559,585,680,841,838,730,663,736,955,991,990,1088,1153,1045,885,699,517,343,318
Willington town,6245,3183,160,125,180,199,239,602,118,40,146,192,277,271,219,163,116,56,40,26,14,3062,151,87,167,215,250,569,47,49,177,221,235,279,197,146,102,60,56,38,16,6543,3342,228,164,143,198,276,321,513,30,47,151,203,277,257,203,143,101,43,27,17,3201,217,149,105,189,289,319,451,3,66,188,218,234,255,176,133,91,52,42,24,6763,3470,253,231,182,162,275,358,234,397,30,53,163,204,262,238,179,124,78,29,18,3293,241,215,167,127,263,359,199,351,20,78,185,217,211,233,162,119,78,39,29
Wilton town,17914,8694,209,692,978,1053,470,19,84,269,615,865,908,759,586,402,292,184,151,97,61,9220,189,619,1029,943,455,16,88,312,706,1003,971,791,592,405,321,236,207,180,157,17826,8627,202,331,838,1042,796,248,26,148,448,759,914,839,675,485,327,237,138,107,67,9199,184,316,797,1092,731,276,24,162,510,838,1018,904,694,490,334,281,211,166,171,17615,8498,291,324,477,902,785,528,183,90,328,594,810,845,751,570,402,267,178,99,74,9117,270,311,494,860,880,486,224,99,361,643,855,951,805,588,414,292,248,167,169
Winchester town,11503,5678,260,286,348,388,317,298,308,312,329,400,561,481,441,361,206,162,114,71,35,5825,256,288,292,324,338,286,322,306,308,405,517,530,457,346,274,198,164,130,84,11693,5779,261,257,301,369,364,286,295,331,335,342,426,557,473,422,326,188,126,78,42,5914,256,267,293,305,305,318,299,336,312,323,437,531,513,443,334,249,171,124,98,11813,5839,259,258,272,323,346,333,283,318,354,349,369,425,546,452,381,292,147,85,47,5974,256,267,271,306,286,285,331,313,342,328,356,452,514,496,425,304,213,129,100
Windham town,25610,12489,740,743,629,1333,1560,1182,863,731,626,650,736,749,559,483,335,232,159,117,62,13121,690,658,643,1407,1498,1159,912,694,640,692,771,735,716,561,418,274,275,197,181,26046,12702,817,653,628,1248,1485,1029,1163,799,658,608,655,705,697,489,422,289,178,104,75,13344,764,571,590,1358,1446,971,1160,879,639,640,699,732,746,631,514,387,242,188,187,26432,12883,823,730,538,1247,1400,954,1011,1098,726,639,613,625,655,620,427,363,224,117,73,13549,769,645,504,1306,1397,919,973,1127,823,639,646,660,743,659,580,473,336,163,187
Windsor Locks town,12781,6204,318,320,368,417,382,339,335,377,386,468,568,534,416,314,219,162,150,87,44,6577,297,334,336,409,339,311,421,413,391,462,568,536,443,346,259,222,210,164,116,12997,6321,317,337,339,385,405,346,341,367,402,400,465,558,511,396,279,195,131,95,52,6676,297,318,356,358,361,315,359,473,420,386,465,570,536,425,327,233,187,158,132,13152,6399,309,336,356,356,373,369,348,373,393,416,397,457,534,486,353,246,157,84,56,6753,289,318,340,378,310,338,363,411,479,415,390,469,570,514,402,294,196,143,134
Windsor town,29455,14050,686,732,803,1062,961,693,858,847,844,952,1122,1137,1031,873,552,372,259,169,97,15405,656,667,866,1001,806,596,885,925,1032,1106,1312,1333,1239,987,667,450,363,276,238,29700,14168,663,677,763,871,994,856,711,941,909,853,966,1089,1083,958,773,478,298,176,109,15532,633,647,724,919,891,687,663,1021,1012,1058,1108,1322,1301,1175,897,592,381,266,235,29775,14188,645,655,708,831,803,888,874,795,1003,918,869,937,1036,1007,852,670,383,199,115,15587,617,624,704,777,808,771,753,800,1108,1038,1060,1121,1290,1234,1072,799,500,281,230
Wolcott town,17287,8365,341,409,647,725,609,339,264,432,558,690,836,745,552,374,338,225,143,84,54,8922,325,404,585,689,572,344,310,462,600,825,787,760,570,472,377,299,214,184,143,17818,8618,354,379,497,719,687,510,313,325,505,593,716,832,714,508,342,295,176,95,58,9200,340,363,477,653,648,483,345,378,540,650,842,801,747,551,443,353,254,172,160,18352,8864,404,392,467,569,680,587,483,375,399,540,620,715,798,661,465,299,230,116,64,9488,387,378,437,545,612,558,484,413,458,592,669,856,787,721,519,412,299,201,160
Woodbridge town,8906,4375,115,227,350,420,271,59,89,145,240,300,442,442,382,304,217,129,111,79,53,4531,112,193,327,377,251,22,80,183,284,395,441,454,377,292,212,147,125,123,136,8819,4347,101,159,293,396,343,157,48,113,199,288,340,445,415,354,267,188,104,78,59,4472,98,144,252,365,287,155,15,116,252,348,413,439,424,347,269,186,125,99,138,8670,4285,119,145,225,339,320,221,125,73,168,247,328,345,417,385,313,231,150,73,61,4385,116,130,202,291,276,171,122,51,185,316,366,411,410,393,321,239,157,100,128
Woodbury town,10234,4956,174,218,330,363,270,139,182,236,263,389,469,515,403,364,258,178,106,61,38,5278,155,206,306,382,241,131,192,220,321,398,518,540,458,419,301,182,137,109,62,10393,5021,173,192,256,359,309,206,135,217,258,293,414,491,511,379,340,231,144,72,41,5372,154,165,235,337,332,188,140,224,267,346,424,543,543,451,401,275,162,105,80,10493,5056,189,191,230,285,304,245,201,170,240,288,320,438,488,480,354,303,185,99,46,5437,169,164,194,266,288,279,197,172,271,292,372,450,547,534,432,364,239,124,83
Woodstock town,8324,4114,146,188,309,349,278,103,138,172,270,357,427,386,329,249,169,110,70,43,21,4210,138,200,281,322,248,96,144,214,291,366,460,410,327,256,198,92,84,54,29,8607,4241,137,174,234,352,318,208,81,160,221,309,387,431,377,311,229,151,89,46,26,4366,128,162,243,324,290,183,88,180,260,326,394,471,402,321,248,177,77,58,34,8862,4347,155,165,221,278,321,247,185,104,209,261,339,392,420,356,285,203,120,58,28,4515,147,152,205,287,293,226,176,125,226,296,354,406,461,392,310,222,147,53,37
,,,,,,,,,,,,,,,,,,,,,,,,,,,,,,,,,,,,,,,,,,,,,,,,,,,,,,,,,,,,,,,,,,,,,,,,,,,,,,,,,,,,,,,,,,,,,,,,,,,,,,,,,,,,,,,,,,,,,,,,,,,
"Note: For the age group, The first two didigts in the fields name are years. The third letter means gender, m for male, f for female. The last four digits are age groups. 15M2024 means 2015 projection male population for 20 to 24 years. For the total population, the first two digits also mean year, the third is gender, if necesary. the last five letters are total. 15MTOTAL means 2015 projection for total male population.",,,,,,,,,,,,,,,,,,,,,,,,,,,,,,,,,,,,,,,,,,,,,,,,,,,,,,,,,,,,,,,,,,,,,,,,,,,,,,,,,,,,,,,,,,,,,,,,,,,,,,,,,,,,,,,,,,,,,,,,,,,
