Type,Year,Date,Town,Names on Official Check List (Active),Number Checked as Having Voted,Percentage Checked as Having Voted
General,2012,11/6/2012,Union,622,518,0.833
General,2012,11/6/2012,Canaan,786,625,0.795
General,2012,11/6/2012,Warren,994,834,0.839
General,2012,11/6/2012,Cornwall,1050,877,0.835
General,2012,11/6/2012,Colebrook,1097,862,0.786
General,2012,11/6/2012,Scotland,1118,844,0.755
General,2012,11/6/2012,Norfolk,1164,920,0.79
General,2012,11/6/2012,Eastford,1201,949,0.79
General,2012,11/6/2012,Bridgewater,1256,1190,0.947
General,2012,11/6/2012,Hampton,1257,1036,0.824
General,2012,11/6/2012,Franklin,1316,1038,0.789
General,2012,11/6/2012,Chaplin,1356,1060,0.782
General,2012,11/6/2012,Hartland,1555,1215,0.781
General,2012,11/6/2012,Voluntown,1672,1224,0.732
General,2012,11/6/2012,Morris,1678,1302,0.776
General,2012,11/6/2012,Bozrah,1714,1294,0.755
General,2012,11/6/2012,Roxbury,1719,1477,0.859
General,2012,11/6/2012,Sharon,1778,1460,0.821
General,2012,11/6/2012,Sprague,1787,1420,0.795
General,2012,11/6/2012,Lyme,1825,1478,0.81
General,2012,11/6/2012,North Canaan,1998,1300,0.651
General,2012,11/6/2012,Kent,2011,1712,0.851
General,2012,11/6/2012,Sterling,2118,1411,0.666
General,2012,11/6/2012,Goshen,2190,1798,0.821
General,2012,11/6/2012,Andover,2210,1784,0.807
General,2012,11/6/2012,Washington,2447,2162,0.884
General,2012,11/6/2012,Chester,2542,2074,0.816
General,2012,11/6/2012,Lisbon,2638,2053,0.778
General,2012,11/6/2012,Barkhamsted,2700,2113,0.783
General,2012,11/6/2012,Sherman,2714,1825,0.672
General,2012,11/6/2012,Pomfret,2763,2161,0.782
General,2012,11/6/2012,Salem,2801,2134,0.762
General,2012,11/6/2012,Bethlehem,2837,2335,0.823
General,2012,11/6/2012,Ashford,2878,2143,0.745
General,2012,11/6/2012,Salisbury,2973,2220,0.747
General,2012,11/6/2012,Deep River,3220,2448,0.76
General,2012,11/6/2012,Middlefield,3274,2527,0.772
General,2012,11/6/2012,Canterbury,3371,2553,0.757
General,2012,11/6/2012,Preston,3382,2347,0.694
General,2012,11/6/2012,Bolton,3412,2941,0.862
General,2012,11/6/2012,East Granby,3546,2890,0.815
General,2012,11/6/2012,Columbia,3644,3079,0.845
General,2012,11/6/2012,Willington,3645,2796,0.767
General,2012,11/6/2012,North Stonington,3766,2719,0.722
General,2012,11/6/2012,Beacon Falls,3914,2930,0.749
General,2012,11/6/2012,Bethany,3984,3241,0.814
General,2012,11/6/2012,Harwinton,4067,3262,0.802
General,2012,11/6/2012,Marlborough,4320,3473,0.804
General,2012,11/6/2012,Westbrook,4396,3574,0.813
General,2012,11/6/2012,Killingworth,4452,3800,0.854
General,2012,11/6/2012,New Hartford,4580,3895,0.85
General,2012,11/6/2012,Essex,4773,3991,0.836
General,2012,11/6/2012,Lebanon,4777,3652,0.764
General,2012,11/6/2012,Brooklyn,4924,3347,0.68
General,2012,11/6/2012,Thomaston,4989,3792,0.76
General,2012,11/6/2012,Durham,5195,4135,0.796
General,2012,11/6/2012,Putnam,5244,3181,0.607
General,2012,11/6/2012,Thompson,5330,4061,0.762
General,2012,11/6/2012,Woodstock,5359,4254,0.794
General,2012,11/6/2012,Middlebury,5368,4304,0.802
General,2012,11/6/2012,Easton,5423,4315,0.796
General,2012,11/6/2012,East Haddam,5871,4634,0.789
General,2012,11/6/2012,Haddam,6027,4685,0.777
General,2012,11/6/2012,Portland,6096,4869,0.799
General,2012,11/6/2012,Litchfield,6163,4623,0.75
General,2012,11/6/2012,Norwalk,6163,4623,0.75
General,2012,11/6/2012,Old Lyme,6274,4556,0.726
General,2012,11/6/2012,Burlington,6312,5128,0.812
General,2012,11/6/2012,Prospect,6373,5187,0.814
General,2012,11/6/2012,Somers,6426,4967,0.773
General,2012,11/6/2012,Hebron,6582,5172,0.786
General,2012,11/6/2012,Woodbridge,6583,5723,0.869
General,2012,11/6/2012,Derby,6610,4721,0.714
General,2012,11/6/2012,Griswold,6757,4872,0.721
General,2012,11/6/2012,Weston,6811,5536,0.813
General,2012,11/6/2012,Winchester,7046,4740,0.673
General,2012,11/6/2012,Redding,7057,5388,0.763
General,2012,11/6/2012,Canton,7079,5768,0.815
General,2012,11/6/2012,Granby,7440,6415,0.862
General,2012,11/6/2012,Windsor Locks,7467,5770,0.773
General,2012,11/6/2012,Woodbury,7511,5621,0.748
General,2012,11/6/2012,East Windsor,7524,5070,0.674
General,2012,11/6/2012,Stafford,7574,5785,0.764
General,2012,11/6/2012,Old Saybrook,7735,5918,0.765
General,2012,11/6/2012,Plymouth,7749,5399,0.697
General,2012,11/6/2012,Coventry,7815,6355,0.813
General,2012,11/6/2012,East Hampton,8503,6697,0.788
General,2012,11/6/2012,Suffield,8681,7248,0.835
General,2012,11/6/2012,Oxford,8722,6583,0.755
General,2012,11/6/2012,Plainfield,8885,5386,0.606
General,2012,11/6/2012,North Branford,9097,6990,0.768
General,2012,11/6/2012,Killingly,9276,6063,0.654
General,2012,11/6/2012,Ledyard,9363,7223,0.771
General,2012,11/6/2012,Clinton,9434,6539,0.693
General,2012,11/6/2012,Cromwell,9434,7376,0.782
General,2012,11/6/2012,Seymour,9666,7224,0.747
General,2012,11/6/2012,New Fairfield,9683,7190,0.743
General,2012,11/6/2012,Tolland,9696,8045,0.83
General,2012,11/6/2012,Ellington,9809,7632,0.778
General,2012,11/6/2012,Montville,9850,7286,0.74
General,2012,11/6/2012,Colchester,10070,7860,0.781
General,2012,11/6/2012,Ansonia,10166,6714,0.66
General,2012,11/6/2012,Orange,10386,7984,0.769
General,2012,11/6/2012,Brookfield,10682,8879,0.831
General,2012,11/6/2012,Plainville,10729,7891,0.735
General,2012,11/6/2012,Wolcott,11174,8341,0.746
General,2012,11/6/2012,Bethel,11582,9232,0.797
General,2012,11/6/2012,Wilton,11883,10168,0.856
General,2012,11/6/2012,Rocky Hill,11888,9395,0.79
General,2012,11/6/2012,East Lyme,12223,9343,0.764
General,2012,11/6/2012,Avon,12677,10454,0.825
General,2012,11/6/2012,Mansfield,12688,9609,0.757
General,2012,11/6/2012,Stonington,12757,9924,0.778
General,2012,11/6/2012,Darien,13135,11056,0.842
General,2012,11/6/2012,Monroe,13170,10371,0.787
General,2012,11/6/2012,New Canaan,13244,10941,0.826
General,2012,11/6/2012,Waterford,13263,9966,0.751
General,2012,11/6/2012,Madison,13623,10632,0.78
General,2012,11/6/2012,Berlin,13679,11056,0.808
General,2012,11/6/2012,Windham,13880,7895,0.569
General,2012,11/6/2012,New London,13904,8164,0.587
General,2012,11/6/2012,Southbury,14085,11272,0.8
General,2012,11/6/2012,Watertown,14782,10865,0.735
General,2012,11/6/2012,Bloomfield,15144,11673,0.771
General,2012,11/6/2012,Ridgefield,15711,14048,0.894
General,2012,11/6/2012,East Haven,15801,11214,0.71
General,2012,11/6/2012,North Haven,15819,12507,0.791
General,2012,11/6/2012,Guilford,15849,12742,0.804
General,2012,11/6/2012,South Windsor,16129,13547,0.84
General,2012,11/6/2012,Vernon,16209,12905,0.796
General,2012,11/6/2012,Simsbury,16532,13842,0.837
General,2012,11/6/2012,Newtown,17110,14404,0.842
General,2012,11/6/2012,Farmington,17473,13713,0.785
General,2012,11/6/2012,Wethersfield,17939,13809,0.77
General,2012,11/6/2012,Naugatuck,18322,12013,0.656
General,2012,11/6/2012,Branford,18478,14330,0.776
General,2012,11/6/2012,Westport,18495,15111,0.817
General,2012,11/6/2012,Cheshire,18857,14831,0.786
General,2012,11/6/2012,New Millford,18919,13334,0.705
General,2012,11/6/2012,Newington,19081,14581,0.764
General,2012,11/6/2012,Torrington (CD1 &5),19624,14253,0.726
General,2012,11/6/2012,Windsor,20644,15945,0.772
General,2012,11/6/2012,Groton,20716,14261,0.688
General,2012,11/6/2012,Norwich,20999,13006,0.619
General,2012,11/6/2012,Glastonbury,22603,19258,0.852
General,2012,11/6/2012,Middletown (CD1&3),24124,21480,0.89
General,2012,11/6/2012,Shelton,24550,18835,0.767
General,2012,11/6/2012,Trumbull,24652,18967,0.769
General,2012,11/6/2012,Wallingford,25759,21105,0.819
General,2012,11/6/2012,Enfield,26429,18222,0.689
General,2012,11/6/2012,East Hartford,27828,18235,0.655
General,2012,11/6/2012,Southington,28226,21577,0.764
General,2012,11/6/2012,Manchester,28803,22539,0.783
General,2012,11/6/2012,West Haven,29266,20435,0.698
General,2012,11/6/2012,Stratford,32672,23283,0.713
General,2012,11/6/2012,New Britain,33619,21211,0.631
General,2012,11/6/2012,Milford,33743,25610,0.759
General,2012,11/6/2012,Hamden,34236,24641,0.72
General,2012,11/6/2012,Meriden,34525,22074,0.639
General,2012,11/6/2012,Bristol,35138,24571,0.699
General,2012,11/6/2012,Danbury,35221,27763,0.788
General,2012,11/6/2012,Greenwich,36489,29894,0.819
General,2012,11/6/2012,Fairfield,38090,30081,0.79
General,2012,11/6/2012,West Hartford,40156,32451,0.808
General,2012,11/6/2012,Hartford,51357,33452,0.651
General,2012,11/6/2012,Waterbury (CD3&5),57727,32449,0.562
General,2012,11/6/2012,Stamford,66047,47289,0.716
General,2012,11/6/2012,Bridgeport,71825,37510,0.522
General,2012,11/6/2012,New Haven,71978,44973,0.625
Municipal,2013,11/5/2013,Ansonia,9790,4246,0.434
Municipal,2013,11/5/2013,Ashford,2808,671,0.239
Municipal,2013,11/5/2013,Avon,11939,4089,0.343
Municipal,2013,11/5/2013,Barkhamsted,2646,747,0.282
Municipal,2013,11/5/2013,Beacon Falls,3858,1861,0.482
Municipal,2013,11/5/2013,Berlin,12891,4214,0.327
Municipal,2013,11/5/2013,Bethel,24181,9124,0.377
Municipal,2013,11/5/2013,Bethlehem,2782,1228,0.441
Municipal,2013,11/5/2013,Bloomfield,12772,3094,0.242
Municipal,2013,11/5/2013,Bolton,3336,1523,0.457
Municipal,2013,11/5/2013,Bozrah,1709,786,0.46
Municipal,2013,11/5/2013,Branford,18140,7701,0.425
Municipal,2013,11/5/2013,Bridgeport,70322,8161,0.116
Municipal,2013,11/5/2013,Bridgewater,1331,1030,0.774
Municipal,2013,11/5/2013,Bristol,33255,11021,0.331
Municipal,2013,11/5/2013,Brookfield,9769,4274,0.438
Municipal,2013,11/5/2013,Brooklyn,4754,1464,0.308
Municipal,2013,11/5/2013,Burlington,6117,1941,0.317
Municipal,2013,11/5/2013,Canaan,759,260,0.343
Municipal,2013,11/5/2013,Canterbury,3376,1451,0.43
Municipal,2013,11/5/2013,Canton,6973,1349,0.194
Municipal,2013,11/5/2013,Chaplin,1355,525,0.388
Municipal,2013,11/5/2013,Cheshire,18706,8375,0.448
Municipal,2013,11/5/2013,Chester,2444,346,0.142
Municipal,2013,11/5/2013,Clinton,9213,3937,0.427
Municipal,2013,11/5/2013,Colchester,10105,3448,0.341
Municipal,2013,11/5/2013,Colebrook,1079,206,0.191
Municipal,2013,11/5/2013,Columbia,3562,1216,0.341
Municipal,2013,11/5/2013,Cornwall,985,532,0.54
Municipal,2013,11/5/2013,Coventry,7620,2069,0.272
Municipal,2013,11/5/2013,Cromwell,9304,3042,0.327
Municipal,2013,11/5/2013,Danbury,34286,11304,0.33
Municipal,2013,11/5/2013,Darien,12249,3659,0.299
Municipal,2013,11/5/2013,Deep River,3143,994,0.316
Municipal,2013,11/5/2013,Derby,6555,3090,0.471
Municipal,2013,11/5/2013,Durham,5074,1187,0.234
Municipal,2013,11/5/2013,East Granby,3477,1384,0.398
Municipal,2013,11/5/2013,East Haddam,5767,1722,0.299
Municipal,2013,11/5/2013,East Hampton,8426,3181,0.378
Municipal,2013,11/5/2013,East Hartford,26920,4894,0.182
Municipal,2013,11/5/2013,East Haven,15176,7658,0.505
Municipal,2013,11/5/2013,East Lyme,12047,3457,0.287
Municipal,2013,11/5/2013,East Windsor,3827,959,0.251
Municipal,2013,11/5/2013,Eastford,1176,347,0.295
Municipal,2013,11/5/2013,Easton,5176,2351,0.454
Municipal,2013,11/5/2013,Ellington,9594,2415,0.252
Municipal,2013,11/5/2013,Enfield,21698,6426,0.296
Municipal,2013,11/5/2013,Essex,4620,1675,0.363
Municipal,2013,11/5/2013,Fairfield,36839,10775,0.293
Municipal,2013,11/5/2013,Farmington,17246,5204,0.302
Municipal,2013,11/5/2013,Franklin,1212,404,0.333
Municipal,2013,11/5/2013,Glastonbury,21803,5266,0.242
Municipal,2013,11/5/2013,Goshen,2172,1048,0.483
Municipal,2013,11/5/2013,Granby,7106,2805,0.395
Municipal,2013,11/5/2013,Greenwich,32152,11934,0.371
Municipal,2013,11/5/2013,Griswold,6676,2123,0.318
Municipal,2013,11/5/2013,Groton,19082,5106,0.268
Municipal,2013,11/5/2013,Guilford,14804,5949,0.402
Municipal,2013,11/5/2013,Haddam,5860,2565,0.438
Municipal,2013,11/5/2013,Hamden,33475,11649,0.348
Municipal,2013,11/5/2013,Hampton,1193,596,0.5
Municipal,2013,11/5/2013,Hartford,47031,2449,0.052
Municipal,2013,11/5/2013,Hartland,1534,339,0.221
Municipal,2013,11/5/2013,Harwinton,4059,2015,0.496
Municipal,2013,11/5/2013,Hebron,6426,1388,0.216
Municipal,2013,11/5/2013,Kent,1935,584,0.302
Municipal,2013,11/5/2013,Killingly,9222,1636,0.177
Municipal,2013,11/5/2013,Killingworth,4266,2054,0.482
Municipal,2013,11/5/2013,Lebanon,4666,1689,0.362
Municipal,2013,11/5/2013,Ledyard,9006,2199,0.244
Municipal,2013,11/5/2013,Lisbon,2608,938,0.36
Municipal,2013,11/5/2013,Litchfield,6405,1567,0.245
Municipal,2013,11/5/2013,Lyme,1782,276,0.155
Municipal,2013,11/5/2013,Madison,13347,4262,0.319
Municipal,2013,11/5/2013,Manchester,28876,7889,0.273
Municipal,2013,11/5/2013,Mansfield,11269,3010,0.267
Municipal,2013,11/5/2013,Marlborough,4159,1204,0.29
Municipal,2013,11/5/2013,Meriden,29416,7887,0.268
Municipal,2013,11/5/2013,Middlebury,5195,1124,0.216
Municipal,2013,11/5/2013,Middlefield,3213,1545,0.481
Municipal,2013,11/5/2013,Middletown,22053,7303,0.331
Municipal,2013,11/5/2013,Milford,33275,11927,0.358
Municipal,2013,11/5/2013,Monroe,11778,4716,0.4
Municipal,2013,11/5/2013,Montville,9792,2723,0.278
Municipal,2013,11/5/2013,Morris,1697,786,0.463
Municipal,2013,11/5/2013,Naugatuck,17507,4903,0.28
Municipal,2013,11/5/2013,New Britain,25211,9568,0.38
Municipal,2013,11/5/2013,New Canaan,13132,3481,0.265
Municipal,2013,11/5/2013,New Fairfield,9569,3090,0.323
Municipal,2013,11/5/2013,New Hartford,4573,2311,0.505
Municipal,2013,11/5/2013,New Haven,72278,21120,0.292
Municipal,2013,11/5/2013,New London,14245,2986,0.21
Municipal,2013,11/5/2013,New Milford,18370,4290,0.234
Municipal,2013,11/5/2013,Newington,17329,6030,0.348
Municipal,2013,11/5/2013,Newtown,17346,4438,0.256
Municipal,2013,11/5/2013,Norfolk,1131,297,0.263
Municipal,2013,11/5/2013,North Branford,8925,2781,0.312
Municipal,2013,11/5/2013,North Canaan,1968,440,0.224
Municipal,2013,11/5/2013,North Haven,15342,4918,0.321
Municipal,2013,11/5/2013,North Stonington,3778,1584,0.419
Municipal,2013,11/5/2013,Norwalk,44407,16781,0.378
Municipal,2013,11/5/2013,Norwich,19796,4573,0.231
Municipal,2013,11/5/2013,Old Lyme,6068,1591,0.262
Municipal,2013,11/5/2013,Old Saybrook,7448,1818,0.244
Municipal,2013,11/5/2013,Orange,10330,5014,0.485
Municipal,2013,11/5/2013,Oxford,8552,3225,0.377
Municipal,2013,11/5/2013,Plainfield,8652,1070,0.124
Municipal,2013,11/5/2013,Plainville,10599,2795,0.264
Municipal,2013,11/5/2013,Plymouth,7494,2567,0.343
Municipal,2013,11/5/2013,Pomfret,2520,1123,0.446
Municipal,2013,11/5/2013,Portland,5932,1593,0.269
Municipal,2013,11/5/2013,Preston,3239,907,0.28
Municipal,2013,11/5/2013,Prospect,6220,2872,0.462
Municipal,2013,11/5/2013,Putnam,5159,1785,0.346
Municipal,2013,11/5/2013,Redding,6987,2694,0.386
Municipal,2013,11/5/2013,Ridgefield,16681,4020,0.241
Municipal,2013,11/5/2013,Rocky Hill,11563,4030,0.349
Municipal,2013,11/5/2013,Roxbury,1695,750,0.443
Municipal,2013,11/5/2013,Salem,2773,1022,0.369
Municipal,2013,11/5/2013,Salisbury,2940,1197,0.407
Municipal,2013,11/5/2013,Scotland,1107,171,0.155
Municipal,2013,11/5/2013,Seymour,9518,2825,0.297
Municipal,2013,11/5/2013,Sharon,1740,983,0.565
Municipal,2013,11/5/2013,Shelton,23821,8686,0.365
Municipal,2013,11/5/2013,Sherman,2600,1275,0.49
Municipal,2013,11/5/2013,Simsbury,16096,6403,0.398
Municipal,2013,11/5/2013,Somers,6384,2273,0.356
Municipal,2013,11/5/2013,South Windsor,15780,5091,0.323
Municipal,2013,11/5/2013,Southbury,13773,5078,0.369
Municipal,2013,11/5/2013,Southington,25824,8749,0.339
Municipal,2013,11/5/2013,Sprague,1732,922,0.532
Municipal,2013,11/5/2013,Stafford,7543,3374,0.447
Municipal,2013,11/5/2013,Stamford,60604,21441,0.354
Municipal,2013,11/5/2013,Sterling,2150,811,0.377
Municipal,2013,11/5/2013,Stonington,12459,4916,0.395
Municipal,2013,11/5/2013,Stratford,31877,10556,0.331
Municipal,2013,11/5/2013,Suffield,8390,3110,0.371
Municipal,2013,11/5/2013,Thomaston,4818,2008,0.417
Municipal,2013,11/5/2013,Thompson,5321,1817,0.342
Municipal,2013,11/5/2013,Tolland,9409,3037,0.323
Municipal,2013,11/5/2013,Torrington,18985,6531,0.344
Municipal,2013,11/5/2013,Trumbull,24401,9852,0.404
Municipal,2013,11/5/2013,Vernon,15746,5149,0.327
Municipal,2013,11/5/2013,Voluntown,1643,320,0.195
Municipal,2013,11/5/2013,Wallingford,25256,11163,0.442
Municipal,2013,11/5/2013,Warren,1003,573,0.571
Municipal,2013,11/5/2013,Washington,2403,948,0.395
Municipal,2013,11/5/2013,Waterbury,56470,12732,0.226
Municipal,2013,11/5/2013,Waterford,12810,2712,0.212
Municipal,2013,11/5/2013,Watertown,14434,4272,0.296
Municipal,2013,11/5/2013,West Hartford,38826,10727,0.276
Municipal,2013,11/5/2013,West Haven,29147,12813,0.44
Municipal,2013,11/5/2013,Westbrook,4201,1779,0.424
Municipal,2013,11/5/2013,Weston,6674,2134,0.32
Municipal,2013,11/5/2013,Westport,16994,7961,0.469
Municipal,2013,11/5/2013,Wethersfield,17282,5155,0.298
Municipal,2013,11/5/2013,Willington,3574,1192,0.334
Municipal,2013,11/5/2013,Wilton,11463,1320,0.115
Municipal,2013,11/5/2013,Winchester,6837,2521,0.369
Municipal,2013,11/5/2013,Windham,10981,2653,0.242
Municipal,2013,11/5/2013,Windsor,20264,5490,0.271
Municipal,2013,11/5/2013,Windsor Locks,7387,2666,0.361
Municipal,2013,11/5/2013,Wolcott,11233,5429,0.483
Municipal,2013,11/5/2013,Woodbury,6770,3098,0.458
Municipal,2013,11/5/2013,Woodstock,4983,927,0.186
Municipal,2011,11/8/2011,Ansonia,9427,2822,0.299
Municipal,2011,11/8/2011,Ashford,2767,667,0.241
Municipal,2011,11/8/2011,Avon,12001,3188,0.266
Municipal,2011,11/8/2011,Barkhamsted,2599,766,0.295
Municipal,2011,11/8/2011,Beacon Falls,3755,1971,0.525
Municipal,2011,11/8/2011,Berlin,13075,3897,0.298
Municipal,2011,11/8/2011,Bethel,10990,4434,0.404
Municipal,2011,11/8/2011,Bethlehem,2808,1275,0.454
Municipal,2011,11/8/2011,Bloomfield,14213,2772,0.195
Municipal,2011,11/8/2011,Bolton,3267,1136,0.348
Municipal,2011,11/8/2011,Bozrah,1694,376,0.222
Municipal,2011,11/8/2011,Branford,17589,6986,0.397
Municipal,2011,11/8/2011,Bridgeport,67525,12316,0.182
Municipal,2011,11/8/2011,Bristol,33255,9346,0.281
Municipal,2011,11/8/2011,Brookfield,11043,4053,0.367
Municipal,2011,11/8/2011,Brooklyn,4627,722,0.156
Municipal,2011,11/8/2011,Burlington,6069,2221,0.366
Municipal,2011,11/8/2011,Canaan,723,159,0.22
Municipal,2011,11/8/2011,Canterbury,3335,1324,0.397
Municipal,2011,11/8/2011,Canton,6805,2400,0.353
Municipal,2011,11/8/2011,Chaplin,1304,370,0.284
Municipal,2011,11/8/2011,Cheshire,18141,5530,0.305
Municipal,2011,11/8/2011,Chester,2461,895,0.364
Municipal,2011,11/8/2011,Clinton,9029,3720,0.412
Municipal,2011,11/8/2011,Colchester,9651,2828,0.293
Municipal,2011,11/8/2011,Colebrook,1091,545,0.5
Municipal,2011,11/8/2011,Columbia,3480,468,0.135
Municipal,2011,11/8/2011,Cornwall,1006,360,0.358
Municipal,2011,11/8/2011,Coventry,7335,1963,0.268
Municipal,2011,11/8/2011,Cromwell,9087,3083,0.339
Municipal,2011,11/8/2011,Danbury,32618,11450,0.351
Municipal,2011,11/8/2011,Darien,12450,4496,0.361
Municipal,2011,11/8/2011,Deep River,3066,851,0.278
Municipal,2011,11/8/2011,Derby,6411,2882,0.45
Municipal,2011,11/8/2011,Durham,4988,2229,0.447
Municipal,2011,11/8/2011,Eastford,1149,670,0.583
Municipal,2011,11/8/2011,East Granby,3361,941,0.28
Municipal,2011,11/8/2011,East Haddam,5651,2548,0.451
Municipal,2011,11/8/2011,East Hampton,8253,3374,0.409
Municipal,2011,11/8/2011,East Hartford,26439,5927,0.224
Municipal,2011,11/8/2011,East Haven,15452,5927,0.384
Municipal,2011,11/8/2011,East Lyme,11699,4251,0.363
Municipal,2011,11/8/2011,Easton,5096,1757,0.345
Municipal,2011,11/8/2011,East Windsor,7124,1995,0.28
Municipal,2011,11/8/2011,Ellington,9194,2230,0.243
Municipal,2011,11/8/2011,Enfield,28353,5273,0.186
Municipal,2011,11/8/2011,Essex,4525,2426,0.536
Municipal,2011,11/8/2011,Fairfield,35305,13486,0.382
Municipal,2011,11/8/2011,Farmington,16728,4779,0.286
Municipal,2011,11/8/2011,Franklin,1264,530,0.419
Municipal,2011,11/8/2011,Glastonbury,21108,5982,0.283
Municipal,2011,11/8/2011,Goshen,2093,989,0.473
Municipal,2011,11/8/2011,Granby,7033,1000,0.142
Municipal,2011,11/8/2011,Greenwich,33905,12517,0.369
Municipal,2011,11/8/2011,Griswold,6278,2260,0.36
Municipal,2011,11/8/2011,Groton,19547,4219,0.216
Municipal,2011,11/8/2011,Guilford,15354,4017,0.262
Municipal,2011,11/8/2011,Haddam,5839,2070,0.355
Municipal,2011,11/8/2011,Hamden,30692,10474,0.341
Municipal,2011,11/8/2011,Hampton,1255,800,0.638
Municipal,2011,11/8/2011,Hartford,45859,7427,0.162
Municipal,2011,11/8/2011,Hartland,1513,294,0.194
Municipal,2011,11/8/2011,Harwinton,3939,1964,0.499
Municipal,2011,11/8/2011,Hebron,6302,855,0.136
Municipal,2011,11/8/2011,Kent,1937,570,0.294
Municipal,2011,11/8/2011,Killingly,9031,2027,0.224
Municipal,2011,11/8/2011,Killingworth,4212,1978,0.47
Municipal,2011,11/8/2011,Lebanon,4618,1619,0.351
Municipal,2011,11/8/2011,Ledyard,8885,3301,0.372
Municipal,2011,11/8/2011,Lisbon,2516,975,0.388
Municipal,2011,11/8/2011,Litchfield,5901,2415,0.409
Municipal,2011,11/8/2011,Lyme,1794,289,0.161
Municipal,2011,11/8/2011,Madison,13182,2084,0.158
Municipal,2011,11/8/2011,Manchester,26798,7069,0.264
Municipal,2011,11/8/2011,Mansfield,10414,2238,0.215
Municipal,2011,11/8/2011,Marlborough,4095,1457,0.356
Municipal,2011,11/8/2011,Meriden,31994,7557,0.236
Municipal,2011,11/8/2011,Middlebury,5160,2682,0.52
Municipal,2011,11/8/2011,Middlefield,3152,1487,0.472
Municipal,2011,11/8/2011,Middletown,22529,9551,0.424
Municipal,2011,11/8/2011,Milford,32175,13152,0.409
Municipal,2011,11/8/2011,Monroe,12839,4257,0.332
Municipal,2011,11/8/2011,Montville,9626,3355,0.349
Municipal,2011,11/8/2011,Morris,1751,818,0.467
Municipal,2011,11/8/2011,New Britain,31316,8610,0.275
Municipal,2011,11/8/2011,New Canaan,12971,2977,0.23
Municipal,2011,11/8/2011,New Fairfield,9233,1998,0.216
Municipal,2011,11/8/2011,New Hartford,4439,983,0.221
Municipal,2011,11/8/2011,New Haven,64385,16134,0.251
Municipal,2011,11/8/2011,Newington,18353,6430,0.35
Municipal,2011,11/8/2011,New London,12804,4898,0.383
Municipal,2011,11/8/2011,New Milford,17960,4217,0.235
Municipal,2011,11/8/2011,Newtown,16103,5384,0.334
Municipal,2011,11/8/2011,Norfolk,1133,428,0.378
Municipal,2011,11/8/2011,North Branford,8735,2460,0.282
Municipal,2011,11/8/2011,North Canaan,1928,566,0.294
Municipal,2011,11/8/2011,North Haven,15204,6337,0.417
Municipal,2011,11/8/2011,North Stonington,3593,1402,0.39
Municipal,2011,11/8/2011,Norwalk,41766,14567,0.349
Municipal,2011,11/8/2011,Norwich,20994,2897,0.138
Municipal,2011,11/8/2011,Old Lyme,5935,2575,0.434
Municipal,2011,11/8/2011,Old Saybrook,7403,3343,0.452
Municipal,2011,11/8/2011,Orange,10093,4914,0.487
Municipal,2011,11/8/2011,Oxford,8342,3450,0.414
Municipal,2011,11/8/2011,Plainfield,8589,1355,0.158
Municipal,2011,11/8/2011,Plainville,10299,2719,0.264
Municipal,2011,11/8/2011,Plymouth,7586,2090,0.276
Municipal,2011,11/8/2011,Pomfret,2640,1214,0.46
Municipal,2011,11/8/2011,Portland,5788,2285,0.395
Municipal,2011,11/8/2011,Preston,3277,1211,0.37
Municipal,2011,11/8/2011,Prospect,6017,2637,0.438
Municipal,2011,11/8/2011,Putnam,5028,1992,0.396
Municipal,2011,11/8/2011,Redding,6802,1890,0.278
Municipal,2011,11/8/2011,Ridgefield,16243,4708,0.29
Municipal,2011,11/8/2011,Rocky Hill,11132,3042,0.273
Municipal,2011,11/8/2011,Roxbury,1600,405,0.253
Municipal,2011,11/8/2011,Salem,2712,851,0.314
Municipal,2011,11/8/2011,Salisbury,2918,1357,0.465
Municipal,2011,11/8/2011,Scotland,1061,446,0.42
Municipal,2011,11/8/2011,Seymour,9320,3660,0.393
Municipal,2011,11/8/2011,Sharon,1695,899,0.53
Municipal,2011,11/8/2011,Shelton,23565,10278,0.436
Municipal,2011,11/8/2011,Sherman,2644,1368,0.517
Municipal,2011,11/8/2011,Simsbury,15192,5572,0.367
Municipal,2011,11/8/2011,Somers,6102,2091,0.343
Municipal,2011,11/8/2011,Southbury,13283,5094,0.384
Municipal,2011,11/8/2011,Southington,27416,8041,0.293
Municipal,2011,11/8/2011,South Windsor,15099,4680,0.31
Municipal,2011,11/8/2011,Sprague,1711,953,0.557
Municipal,2011,11/8/2011,Stafford,7220,2748,0.381
Municipal,2011,11/8/2011,Stamford,56296,14257,0.253
Municipal,2011,11/8/2011,Sterling,2014,121,0.06
Municipal,2011,11/8/2011,Stonington,12128,4110,0.339
Municipal,2011,11/8/2011,Stratford,30471,6651,0.218
Municipal,2011,11/8/2011,Suffield,8274,3010,0.364
Municipal,2011,11/8/2011,Thomaston,4863,1789,0.368
Municipal,2011,11/8/2011,Thompson,5226,1797,0.344
Municipal,2011,11/8/2011,Tolland,9235,2388,0.259
Municipal,2011,11/8/2011,Torrington,19095,4014,0.21
Municipal,2011,11/8/2011,Trumbull,23896,11473,0.48
Municipal,2011,11/8/2011,Vernon,16281,4732,0.291
Municipal,2011,11/8/2011,Voluntown,1556,557,0.358
Municipal,2011,11/8/2011,Wallingford,24731,9783,0.396
Municipal,2011,11/8/2011,Warren,945,198,0.21
Municipal,2011,11/8/2011,Washington,2242,1288,0.575
Municipal,2011,11/8/2011,Waterbury,55314,17104,0.309
Municipal,2011,11/8/2011,Waterford,12681,3670,0.289
Municipal,2011,11/8/2011,Watertown,14154,4163,0.294
Municipal,2011,11/8/2011,Westbrook,4086,1416,0.347
Municipal,2011,11/8/2011,West Hartford,37387,11343,0.303
Municipal,2011,11/8/2011,West Haven,37670,9257,0.246
Municipal,2011,11/8/2011,Weston,6372,2505,0.393
Municipal,2011,11/8/2011,Westport,17176,6306,0.367
Municipal,2011,11/8/2011,Wethersfield,16980,5619,0.331
Municipal,2011,11/8/2011,Willington,3433,1230,0.358
Municipal,2011,11/8/2011,Wilton,11028,2754,0.25
Municipal,2011,11/8/2011,Winchester,6848,4743,0.693
Municipal,2011,11/8/2011,Windham,13304,1982,0.149
Municipal,2011,11/8/2011,Windsor,7124,1995,0.28
Municipal,2011,11/8/2011,Windsor Locks,7294,2381,0.326
Municipal,2011,11/8/2011,Wolcott,10826,5054,0.467
Municipal,2011,11/8/2011,Woodbury,6613,2771,0.419
Municipal,2011,11/8/2011,Woodstock,5051,1371,0.271
Municipal,2007,11/6/2007,Ansonia,8985,3457,0.385
Municipal,2007,11/6/2007,Ashford,2657,701,0.264
Municipal,2007,11/6/2007,Avon,11147,3356,0.301
Municipal,2007,11/6/2007,Barkhamsted,2506,1218,0.486
Municipal,2007,11/6/2007,Beacon Falls,,,
Municipal,2007,11/6/2007,Berlin,12433,4845,0.39
Municipal,2007,11/6/2007,Bethel,10621,5077,0.478
Municipal,2007,11/6/2007,Bethlehem,,,
Municipal,2007,11/6/2007,Bloomfield,13297,4122,0.31
Municipal,2007,11/6/2007,Bozrah,1637,728,0.445
Municipal,2007,11/6/2007,Branford,17970,8425,0.469
Municipal,2007,11/6/2007,Bridgeport,56620,13211,0.233
Municipal,2007,11/6/2007,Bridgewater,1446,182,0.126
Municipal,2007,11/6/2007,Bristol,31774,11558,0.364
Municipal,2007,11/6/2007,Brookfield,9428,3173,0.337
Municipal,2007,11/6/2007,Brooklyn,4740,1512,0.319
Municipal,2007,11/6/2007,Burlington,5837,2300,0.394
Municipal,2007,11/6/2007,Canaan,741,321,0.433
Municipal,2007,11/6/2007,Canterbury,3250,1791,0.551
Municipal,2007,11/6/2007,Canton,6605,2860,0.433
Municipal,2007,11/6/2007,Chaplin,1291,625,0.484
Municipal,2007,11/6/2007,Cheshire,15150,6742,0.445
Municipal,2007,11/6/2007,Chester,2498,1370,0.548
Municipal,2007,11/6/2007,Clinton,8991,3174,0.353
Municipal,2007,11/6/2007,Colchester,9227,4147,0.449
Municipal,2007,11/6/2007,Colebrook,1047,283,0.27
Municipal,2007,11/6/2007,Columbia,3410,1115,0.327
Municipal,2007,11/6/2007,Cornwall,1007,365,0.362
Municipal,2007,11/6/2007,Coventry,7584,2483,0.327
Municipal,2007,11/6/2007,Cromwell,8666,3355,0.387
Municipal,2007,11/6/2007,Danbury,30087,13467,0.448
Municipal,2007,11/6/2007,Darien,11734,4722,0.402
Municipal,2007,11/6/2007,Deep River,3038,1809,0.595
Municipal,2007,11/6/2007,Derby,6335,3077,0.486
Municipal,2007,11/6/2007,Durham,4745,2699,0.569
Municipal,2007,11/6/2007,East Granby,3137,1290,0.411
Municipal,2007,11/6/2007,East Haddam,5316,2640,0.497
Municipal,2007,11/6/2007,East Hampton,7776,3670,0.472
Municipal,2007,11/6/2007,East Hartford,24218,8021,0.331
Municipal,2007,11/6/2007,East Haven,14729,9444,0.641
Municipal,2007,11/6/2007,East Lyme,11192,5126,0.458
Municipal,2007,11/6/2007,East Windsor,,,
Municipal,2007,11/6/2007,Eastford,1094,565,0.516
Municipal,2007,11/6/2007,Easton,5028,2603,0.518
Municipal,2007,11/6/2007,Ellington,8558,3002,0.351
Municipal,2007,11/6/2007,Enfield,24842,6464,0.26
Municipal,2007,11/6/2007,Essex,4441,1554,0.35
Municipal,2007,11/6/2007,Fairfield,33447,14079,0.421
Municipal,2007,11/6/2007,Farmington,15912,5992,0.377
Municipal,2007,11/6/2007,Franklin,1216,667,0.549
Municipal,2007,11/6/2007,Glastonbury,21265,7019,0.33
Municipal,2007,11/6/2007,Goshen,,,
Municipal,2007,11/6/2007,Granby,,,
Municipal,2007,11/6/2007,Greenwich,,,
Municipal,2007,11/6/2007,Griswold,6418,2505,0.39
Municipal,2007,11/6/2007,Groton,17824,5694,0.319
Municipal,2007,11/6/2007,Guilford,15334,6450,0.421
Municipal,2007,11/6/2007,Haddam,5379,2643,0.491
Municipal,2007,11/6/2007,Hamden,31423,12944,0.412
Municipal,2007,11/6/2007,Hampton,1220,608,0.498
Municipal,2007,11/6/2007,Hartford,43595,13844,0.318
Municipal,2007,11/6/2007,Hartland,1461,530,0.363
Municipal,2007,11/6/2007,Harwinton,3751,1777,0.474
Municipal,2007,11/6/2007,Hebron,5967,1799,0.301
Municipal,2007,11/6/2007,Kent,1883,1063,0.565
Municipal,2007,11/6/2007,Killingly,8616,1867,0.217
Municipal,2007,11/6/2007,Killingworth,,,
Municipal,2007,11/6/2007,Lebanon,,,
Municipal,2007,11/6/2007,Ledyard,8363,3249,0.388
Municipal,2007,11/6/2007,Lisbon,2459,838,0.341
Municipal,2007,11/6/2007,Litchfield,5960,3231,0.542
Municipal,2007,11/6/2007,Lyme,1703,414,0.243
Municipal,2007,11/6/2007,Madison,12832,5287,0.412
Municipal,2007,11/6/2007,Manchester,29372,9711,0.331
Municipal,2007,11/6/2007,Mansfield,9392,2305,0.245
Municipal,2007,11/6/2007,Marlborough,4048,1609,0.397
Municipal,2007,11/6/2007,Meriden,30068,10469,0.348
Municipal,2007,11/6/2007,Middlebury,4688,2399,0.512
Municipal,2007,11/6/2007,Middlefield,3020,1705,0.565
Municipal,2007,11/6/2007,Middletown,21711,6924,0.319
Municipal,2007,11/6/2007,Milford,30884,13164,0.426
Municipal,2007,11/6/2007,Monroe,12269,5187,0.423
Municipal,2007,11/6/2007,Montville,9104,3619,0.398
Municipal,2007,11/6/2007,Morris,1615,900,0.557
Municipal,2007,11/6/2007,New Britain,29175,8739,0.3
Municipal,2007,11/6/2007,New Canaan,11655,4703,0.404
Municipal,2007,11/6/2007,New Fairfield,8770,5814,0.663
Municipal,2007,11/6/2007,New Hartford,4520,1932,0.427
Municipal,2007,11/6/2007,New Haven,54742,12702,0.232
Municipal,2007,11/6/2007,New London,9688,3603,0.372
Municipal,2007,11/6/2007,New Milford,,,
Municipal,2007,11/6/2007,Newington,17707,7357,0.415
Municipal,2007,11/6/2007,Newtown,15938,6327,0.397
Municipal,2007,11/6/2007,Norfolk,1089,593,0.545
Municipal,2007,11/6/2007,North Branford,8470,3132,0.37
Municipal,2007,11/6/2007,North Canaan,1878,838,0.446
Municipal,2007,11/6/2007,North Haven,15313,8869,0.579
Municipal,2007,11/6/2007,North Stonington,3481,1707,0.49
Municipal,2007,11/6/2007,Norwalk,44666,13475,0.302
Municipal,2007,11/6/2007,Norwich,,,
Municipal,2007,11/6/2007,Old Lyme,5845,3215,0.55
Municipal,2007,11/6/2007,Old Saybrook,7060,3265,0.462
Municipal,2007,11/6/2007,Orange,9653,5433,0.563
Municipal,2007,11/6/2007,Oxford,7779,3506,0.451
Municipal,2007,11/6/2007,Plainfield,8502,3460,0.407
Municipal,2007,11/6/2007,Plainville,9762,3236,0.331
Municipal,2007,11/6/2007,Plymouth,7401,2642,0.357
Municipal,2007,11/6/2007,Pomfret,2487,1212,0.487
Municipal,2007,11/6/2007,Portland,5884,2073,0.352
Municipal,2007,11/6/2007,Preston,,,
Municipal,2007,11/6/2007,Prospect,5757,3326,0.578
Municipal,2007,11/6/2007,Putnam,4845,969,0.2
Municipal,2007,11/6/2007,Redding,6399,1813,0.283
Municipal,2007,11/6/2007,Ridgefield,15205,6084,0.4
Municipal,2007,11/6/2007,Rocky Hill,10450,3971,0.38
Municipal,2007,11/6/2007,Roxbury,1656,411,0.248
Municipal,2007,11/6/2007,Salem,2545,1089,0.428
Municipal,2007,11/6/2007,Salisbury,2762,1024,0.371
Municipal,2007,11/6/2007,Scotland,1078,416,0.386
Municipal,2007,11/6/2007,Seymour,8982,3465,0.386
Municipal,2007,11/6/2007,Sharon,1824,952,0.522
Municipal,2007,11/6/2007,Shelton,24174,9696,0.401
Municipal,2007,11/6/2007,Shermon,2541,1253,0.493
Municipal,2007,11/6/2007,Simsbury,15485,7965,0.514
Municipal,2007,11/6/2007,Somers,,,
Municipal,2007,11/6/2007,South Windsor,15059,5629,0.374
Municipal,2007,11/6/2007,Southbury,13577,5395,0.397
Municipal,2007,11/6/2007,Southington,26481,8211,0.31
Municipal,2007,11/6/2007,Sprague,1651,946,0.573
Municipal,2007,11/6/2007,Stafford,7665,3928,0.512
Municipal,2007,11/6/2007,Stamford,52874,14132,0.267
Municipal,2007,11/6/2007,Sterling,1836,208,0.113
Municipal,2007,11/6/2007,Stonington,12058,4281,0.355
Municipal,2007,11/6/2007,Stratford,28729,7656,0.266
Municipal,2007,11/6/2007,Suffield,7816,2927,0.374
Municipal,2007,11/6/2007,Thomaston,4576,2198,0.48
Municipal,2007,11/6/2007,Thompson,5202,2156,0.414
Municipal,2007,11/6/2007,Tolland,9205,2922,0.317
Municipal,2007,11/6/2007,Torrington,18087,8951,0.495
Municipal,2007,11/6/2007,Trumbull,23208,9304,0.401
Municipal,2007,11/6/2007,Vernon,14962,6350,0.424
Municipal,2007,11/6/2007,Voluntown,1493,268,0.18
Municipal,2007,11/6/2007,Wallingford,25461,11624,0.457
Municipal,2007,11/6/2007,Warren,928,229,0.247
Municipal,2007,11/6/2007,Washington,2177,1322,0.607
Municipal,2007,11/6/2007,Waterbury,50757,16429,0.324
Municipal,2007,11/6/2007,Waterford,12296,4507,0.367
Municipal,2007,11/6/2007,Watertown,,,
Municipal,2007,11/6/2007,West Hartford,36841,14070,0.382
Municipal,2007,11/6/2007,West Haven,29425,12387,0.421
Municipal,2007,11/6/2007,Westbrook,4151,1961,0.472
Municipal,2007,11/6/2007,Weston,5981,2753,0.46
Municipal,2007,11/6/2007,Westport,16588,5862,0.353
Municipal,2007,11/6/2007,Wethersfield,16765,6828,0.407
Municipal,2007,11/6/2007,Willington,3314,1450,0.438
Municipal,2007,11/6/2007,Wilton,10903,2235,0.205
Municipal,2007,11/6/2007,Winchester,6732,2425,0.36
Municipal,2007,11/6/2007,Windham,12671,3698,0.292
Municipal,2007,11/6/2007,Windsor,17798,5386,0.303
Municipal,2007,11/6/2007,Windsor Locks,7294,2586,0.355
Municipal,2007,11/6/2007,Wolcott,,,
Municipal,2007,11/6/2007,Woodbury,6354,2967,0.467
Municipal,2007,11/6/2007,Woodstock,4689,2041,0.435
Municipal,2006,11/7/2006,Andover,2216,1495,0.6746
Municipal,2006,11/7/2006,Ansonia,9365,5307,0.5667
Municipal,2006,11/7/2006,Ashford,2811,1820,0.6475
Municipal,2006,11/7/2006,Avon,11336,8420,0.7428
Municipal,2006,11/7/2006,Barkhamsted,2508,1754,0.6994
Municipal,2006,11/7/2006,Beacon Falls,3443,2151,0.6247
Municipal,2006,11/7/2006,Berlin,12463,8308,0.6666
Municipal,2006,11/7/2006,Bethany,3726,2665,0.7152
Municipal,2006,11/7/2006,Bethel,10786,6847,0.6348
Municipal,2006,11/7/2006,Bethlehem,2676,1854,0.6928
Municipal,2006,11/7/2006,Bloomfield,13666,8218,0.6013
Municipal,2006,11/7/2006,Bolton,3485,2464,0.707
Municipal,2006,11/7/2006,Bozrah,1653,1087,0.6576
Municipal,2006,11/7/2006,Branford,18283,11309,0.6186
Municipal,2006,11/7/2006,Bridgeport,58280,22946,0.3937
Municipal,2006,11/7/2006,Bridgewater,1445,972,0.6727
Municipal,2006,11/7/2006,Bristol,31926,18598,0.5825
Municipal,2006,11/7/2006,Brookfield,9483,6469,0.6822
Municipal,2006,11/7/2006,Brooklyn,4577,2647,0.5783
Municipal,2006,11/7/2006,Burlington,6019,3919,0.6511
Municipal,2006,11/7/2006,Canaan,744,500,0.672
Municipal,2006,11/7/2006,Canterbury,3350,2017,0.6021
Municipal,2006,11/7/2006,Canton,6596,4584,0.695
Municipal,2006,11/7/2006,Chaplin,1393,874,0.6274
Municipal,2006,11/7/2006,Cheshire,17496,12075,0.6902
Municipal,2006,11/7/2006,Chester,2534,1658,0.6543
Municipal,2006,11/7/2006,Clinton,9272,5509,0.5942
Municipal,2006,11/7/2006,Colchester,9216,5864,0.6363
Municipal,2006,11/7/2006,Colebrook,1070,710,0.6636
Municipal,2006,11/7/2006,Columbia,3517,2577,0.7327
Municipal,2006,11/7/2006,Cornwall,1047,813,0.7765
Municipal,2006,11/7/2006,Coventry,7629,4881,0.6398
Municipal,2006,11/7/2006,Cromwell,8835,5628,0.637
Municipal,2006,11/7/2006,Danbury,30559,17504,0.5728
Municipal,2006,11/7/2006,Darien,12164,8005,0.6581
Municipal,2006,11/7/2006,Deep River,3067,2090,0.6814
Municipal,2006,11/7/2006,Derby,6380,3625,0.5682
Municipal,2006,11/7/2006,Durham,4763,3295,0.6918
Municipal,2006,11/7/2006,East Granby,3234,2214,0.6846
Municipal,2006,11/7/2006,East Haddam,5449,3765,0.691
Municipal,2006,11/7/2006,East Hampton,7595,5330,0.7018
Municipal,2006,11/7/2006,East Hartford,24821,12637,0.5091
Municipal,2006,11/7/2006,East Haven,15017,8470,0.564
Municipal,2006,11/7/2006,East Lyme,11160,7659,0.6863
Municipal,2006,11/7/2006,East Windsor,6450,3693,0.5726
Municipal,2006,11/7/2006,Eastford,1096,764,0.6971
Municipal,2006,11/7/2006,Easton,5112,3250,0.6358
Municipal,2006,11/7/2006,Ellington,8578,5388,0.6281
Municipal,2006,11/7/2006,Enfield,25313,14629,0.5779
Municipal,2006,11/7/2006,Essex,4561,3415,0.7487
Municipal,2006,11/7/2006,Fairfield,34299,22658,0.6606
Municipal,2006,11/7/2006,Farmington,16086,10947,0.6805
Municipal,2006,11/7/2006,Franklin,1240,869,0.7008
Municipal,2006,11/7/2006,Glastonbury,21557,15247,0.7073
Municipal,2006,11/7/2006,Goshen,2008,1436,0.7151
Municipal,2006,11/7/2006,Granby,6865,5120,0.7458
Municipal,2006,11/7/2006,Greenwich,32844,21865,0.6657
Municipal,2006,11/7/2006,Griswold,6359,3454,0.5432
Municipal,2006,11/7/2006,Groton,18439,10652,0.5777
Municipal,2006,11/7/2006,Guilford,15190,10022,0.6598
Municipal,2006,11/7/2006,Haddam,5404,3654,0.6762
Municipal,2006,11/7/2006,Hamden,32666,20407,0.6247
Municipal,2006,11/7/2006,Hampton,1230,881,0.7163
Municipal,2006,11/7/2006,Hartford,44207,16904,0.3824
Municipal,2006,11/7/2006,Hartland,1461,927,0.6345
Municipal,2006,11/7/2006,Harwinton,3830,2525,0.6593
Municipal,2006,11/7/2006,Hebron,5999,3958,0.6598
Municipal,2006,11/7/2006,Kent,1968,1404,0.7134
Municipal,2006,11/7/2006,Killingly,8814,4594,0.5212
Municipal,2006,11/7/2006,Killingworth,4413,3003,0.6805
Municipal,2006,11/7/2006,Lebanon,4555,3086,0.6775
Municipal,2006,11/7/2006,Ledyard,8528,5341,0.6263
Municipal,2006,11/7/2006,Lisbon,2502,1568,0.6267
Municipal,2006,11/7/2006,Litchfield,6035,3829,0.6345
Municipal,2006,11/7/2006,Lyme,1733,1301,0.7507
Municipal,2006,11/7/2006,Madison,13052,8212,0.6292
Municipal,2006,11/7/2006,Manchester,30334,18228,0.6009
Municipal,2006,11/7/2006,Mansfield,10448,6274,0.6005
Municipal,2006,11/7/2006,Marlborough,4065,2901,0.7137
Municipal,2006,11/7/2006,Meriden,30594,16391,0.5358
Municipal,2006,11/7/2006,Middlebury,4676,3315,0.7089
Municipal,2006,11/7/2006,Middlefield,3040,2098,0.6901
Municipal,2006,11/7/2006,Middletown,22940,14383,0.627
Municipal,2006,11/7/2006,Milford,31167,19614,0.6293
Municipal,2006,11/7/2006,Monroe,12429,7467,0.6008
Municipal,2006,11/7/2006,Montville,9242,5932,0.6419
Municipal,2006,11/7/2006,Morris,1624,1087,0.6693
Municipal,2006,11/7/2006,Naugatuck,16468,8743,0.5309
Municipal,2006,11/7/2006,New Britain,30574,14657,0.4794
Municipal,2006,11/7/2006,New Canaan,11798,8107,0.6872
Municipal,2006,11/7/2006,New Fairfield,8798,5190,0.5899
Municipal,2006,11/7/2006,New Hartford,4515,3154,0.6986
Municipal,2006,11/7/2006,New Haven,55913,26615,0.476
Municipal,2006,11/7/2006,New London,9950,5384,0.5411
Municipal,2006,11/7/2006,New Milford,16576,9342,0.5636
Municipal,2006,11/7/2006,Newington,18129,12006,0.6623
Municipal,2006,11/7/2006,Newtown,15881,10762,0.6777
Municipal,2006,11/7/2006,Norfolk,1110,814,0.7333
Municipal,2006,11/7/2006,North Branford,8555,5546,0.6483
Municipal,2006,11/7/2006,North Canaan,1866,1111,0.5954
Municipal,2006,11/7/2006,North Haven,15502,10318,0.6656
Municipal,2006,11/7/2006,North Stonington,3472,2196,0.6325
Municipal,2006,11/7/2006,Norwalk,45645,23953,0.5248
Municipal,2006,11/7/2006,Norwich,18643,9125,0.4895
Municipal,2006,11/7/2006,Old Lyme,5951,3860,0.6486
Municipal,2006,11/7/2006,Old Saybrook,7282,4926,0.6765
Municipal,2006,11/7/2006,Orange,9854,6617,0.6715
Municipal,2006,11/7/2006,Oxford,7699,4652,0.6042
Municipal,2006,11/7/2006,Plainfield,8773,4317,0.4921
Municipal,2006,11/7/2006,Plainville,9875,6245,0.6324
Municipal,2006,11/7/2006,Plymouth,7467,3869,0.5181
Municipal,2006,11/7/2006,Pomfret,2650,1724,0.6506
Municipal,2006,11/7/2006,Portland,6195,4215,0.6804
Municipal,2006,11/7/2006,Preston,3505,1945,0.5549
Municipal,2006,11/7/2006,Prospect,5768,3738,0.6481
Municipal,2006,11/7/2006,Putnam,4912,2557,0.5206
Municipal,2006,11/7/2006,Redding,6395,4154,0.6496
Municipal,2006,11/7/2006,Ridgefield,15516,10050,0.6477
Municipal,2006,11/7/2006,Rocky Hill,11121,7430,0.6681
Municipal,2006,11/7/2006,Roxbury,1656,1192,0.7198
Municipal,2006,11/7/2006,Salem,2562,1769,0.6905
Municipal,2006,11/7/2006,Salisbury,2779,1945,0.6999
Municipal,2006,11/7/2006,Scotland,1054,694,0.6584
Municipal,2006,11/7/2006,Seymour,9313,5421,0.5821
Municipal,2006,11/7/2006,Sharon,1816,1318,0.7258
Municipal,2006,11/7/2006,Shelton,24489,13854,0.5657
Municipal,2006,11/7/2006,Sherman,2500,1684,0.6736
Municipal,2006,11/7/2006,Simsbury,16134,11402,0.7067
Municipal,2006,11/7/2006,Somers,5908,3748,0.6344
Municipal,2006,11/7/2006,South Windsor,15566,10725,0.689
Municipal,2006,11/7/2006,Southbury,13720,8896,0.6484
Municipal,2006,11/7/2006,Southington,26874,17023,0.6334
Municipal,2006,11/7/2006,Sprague,1667,1109,0.6653
Municipal,2006,11/7/2006,Stafford,7609,4750,0.6243
Municipal,2006,11/7/2006,Stamford,54540,30259,0.5548
Municipal,2006,11/7/2006,Sterling,1863,981,0.5266
Municipal,2006,11/7/2006,Stonington,12297,8190,0.666
Municipal,2006,11/7/2006,Stratford,28904,16389,0.567
Municipal,2006,11/7/2006,Suffield,7818,5441,0.696
Municipal,2006,11/7/2006,Thomaston,4958,2957,0.5964
Municipal,2006,11/7/2006,Thompson,5229,3015,0.5766
Municipal,2006,11/7/2006,Tolland,9408,6377,0.6778
Municipal,2006,11/7/2006,Torrington,18526,11904,0.6426
Municipal,2006,11/7/2006,Trumbull,23598,14651,0.6209
Municipal,2006,11/7/2006,Union,572,451,0.7885
Municipal,2006,11/7/2006,Vernon,15561,10094,0.6487
Municipal,2006,11/7/2006,Voluntown,1517,909,0.5992
Municipal,2006,11/7/2006,Wallingford,25861,16364,0.6328
Municipal,2006,11/7/2006,Warren,955,666,0.6974
Municipal,2006,11/7/2006,Washington,2200,1716,0.78
Municipal,2006,11/7/2006,Waterbury,51951,22703,0.437
Municipal,2006,11/7/2006,Waterford,12452,8212,0.6595
Municipal,2006,11/7/2006,Watertown,13776,8319,0.6039
Municipal,2006,11/7/2006,West Hartford,38044,26401,0.694
Municipal,2006,11/7/2006,West Haven,29555,15833,0.5357
Municipal,2006,11/7/2006,Westbrook,4214,2849,0.6761
Municipal,2006,11/7/2006,Weston,6071,4321,0.7117
Municipal,2006,11/7/2006,Westport,16836,12237,0.7268
Municipal,2006,11/7/2006,Wethersfield,17189,11048,0.6427
Municipal,2006,11/7/2006,Willington,3396,2322,0.6837
Municipal,2006,11/7/2006,Wilton,11213,7701,0.6868
Municipal,2006,11/7/2006,Winchester,6833,3678,0.5383
Municipal,2006,11/7/2006,Windham,12968,5925,0.4569
Municipal,2006,11/7/2006,Windsor,18168,11010,0.606
Municipal,2006,11/7/2006,Windsor Locks,7322,4467,0.6101
Municipal,2006,11/7/2006,Wolcott,10403,6107,0.587
Municipal,2006,11/7/2006,Woodbridge,6156,4361,0.7084
Municipal,2006,11/7/2006,Woodbury,6400,4247,0.6636
Municipal,2006,11/7/2006,Woodstock,4700,3207,0.6823
Municipal,2004,11/2/2004,Andover,2146,1801,0.8392
Municipal,2004,11/2/2004,Ansonia,19358,15286,0.7896
Municipal,2004,11/2/2004,Ashford,2789,2309,0.8279
Municipal,2004,11/2/2004,Avon,11683,10262,0.8784
Municipal,2004,11/2/2004,Barkhamsted,2575,2177,0.8454
Municipal,2004,11/2/2004,Beacon Falls,3517,2941,0.8362
Municipal,2004,11/2/2004,Berlin,12805,10754,0.8398
Municipal,2004,11/2/2004,Bethany,3771,3323,0.8812
Municipal,2004,11/2/2004,Bethel,11278,9622,0.8532
Municipal,2004,11/2/2004,Bethlehem,2806,2311,0.8236
Municipal,2004,11/2/2004,Bloomfield,13991,10758,0.7689
Municipal,2004,11/2/2004,Bolton,3515,3078,0.8757
Municipal,2004,11/2/2004,Bozrah,1693,1421,0.8393
Municipal,2004,11/2/2004,Branford,19167,14950,0.78
Municipal,2004,11/2/2004,Bridgeport,59102,37717,0.6382
Municipal,2004,11/2/2004,Bridgewater,1439,1185,0.8235
Municipal,2004,11/2/2004,Bristol,32880,25349,0.771
Municipal,2004,11/2/2004,Brookfield,10592,8892,0.8395
Municipal,2004,11/2/2004,Brooklyn,4593,3407,0.7418
Municipal,2004,11/2/2004,Burlington,6098,5146,0.8439
Municipal,2004,11/2/2004,Canaan,768,623,0.8112
Municipal,2004,11/2/2004,Canterbury,3330,2651,0.7961
Municipal,2004,11/2/2004,Canton,6488,5643,0.8698
Municipal,2004,11/2/2004,Chaplin,1413,1103,0.7806
Municipal,2004,11/2/2004,Cheshire,17825,15064,0.8451
Municipal,2004,11/2/2004,Chester,2603,2227,0.8556
Municipal,2004,11/2/2004,Clinton,8891,6928,0.7792
Municipal,2004,11/2/2004,Colchester,9296,7821,0.8413
Municipal,2004,11/2/2004,Colebrook,1136,929,0.8178
Municipal,2004,11/2/2004,Columbia,3584,3142,0.8767
Municipal,2004,11/2/2004,Cornwall,1062,952,0.8964
Municipal,2004,11/2/2004,Coventry,7772,6407,0.8244
Municipal,2004,11/2/2004,Cromwell,9025,7510,0.8321
Municipal,2004,11/2/2004,Danbury,32697,26248,0.8028
Municipal,2004,11/2/2004,Darien,12307,11134,0.9047
Municipal,2004,11/2/2004,Deep River,3209,2619,0.8161
Municipal,2004,11/2/2004,Derby,6773,5329,0.7868
Municipal,2004,11/2/2004,Durham,9688,7752,0.8002
Municipal,2004,11/2/2004,East Granby,3333,2794,0.8383
Municipal,2004,11/2/2004,East Haddam,5834,4730,0.8108
Municipal,2004,11/2/2004,East Hampton,8240,6619,0.8033
Municipal,2004,11/2/2004,East Hartford,26499,18820,0.7102
Municipal,2004,11/2/2004,East Haven,16052,12066,0.7517
Municipal,2004,11/2/2004,East Lyme,11534,9525,0.8258
Municipal,2004,11/2/2004,East Windsor,6504,4754,0.7309
Municipal,2004,11/2/2004,Eastford,1114,949,0.8519
Municipal,2004,11/2/2004,Easton,5265,4536,0.8615
Municipal,2004,11/2/2004,Ellington,8805,7452,0.8463
Municipal,2004,11/2/2004,Enfield,27108,19994,0.7376
Municipal,2004,11/2/2004,Essex,4697,4139,0.8812
Municipal,2004,11/2/2004,Fairfield,35617,30808,0.865
Municipal,2004,11/2/2004,Farmington,16138,13773,0.8535
Municipal,2004,11/2/2004,Franklin,1272,1072,0.8428
Municipal,2004,11/2/2004,Glastonbury,22135,19211,0.8679
Municipal,2004,11/2/2004,Goshen,2008,1705,0.8491
Municipal,2004,11/2/2004,Granby,7364,6281,0.8529
Municipal,2004,11/2/2004,Greenwich,34933,30888,0.8842
Municipal,2004,11/2/2004,Griswold,6.395,4581,0.7163
Municipal,2004,11/2/2004,Groton,19684,14856,0.7547
Municipal,2004,11/2/2004,Guilford,15717,12990,0.8265
Municipal,2004,11/2/2004,Haddam,5524,4532,0.8204
Municipal,2004,11/2/2004,Hamden,34315,28361,0.8265
Municipal,2004,11/2/2004,Hampton,1222,1085,0.8879
Municipal,2004,11/2/2004,Hartford,49803,28987,0.582
Municipal,2004,11/2/2004,Hartland,1485,1179,0.7939
Municipal,2004,11/2/2004,Harwinton,3791,3173,0.837
Municipal,2004,11/2/2004,Hebron,6086,5125,0.8465
Municipal,2004,11/2/2004,Kent,2091,1794,0.858
Municipal,2004,11/2/2004,Killingly,8976,6534,0.7279
Municipal,2004,11/2/2004,Killingworth,4596,3845,0.8366
Municipal,2004,11/2/2004,Lebanon,4683,3858,0.8238
Municipal,2004,11/2/2004,Ledyard,8816,7217,0.8186
Municipal,2004,11/2/2004,Lisbon,2529,2054,0.8122
Municipal,2004,11/2/2004,Litchfield,6216,4345,0.699
Municipal,2004,11/2/2004,Lyme,1773,1503,0.8477
Municipal,2004,11/2/2004,Madison,13266,10948,0.8253
Municipal,2004,11/2/2004,Manchester,32142,23643,0.7356
Municipal,2004,11/2/2004,Mansfield,10359,8627,0.8328
Municipal,2004,11/2/2004,Marlborough,4174,3658,0.8764
Municipal,2004,11/2/2004,Meriden,31278,22893,0.7319
Municipal,2004,11/2/2004,Middlebury,4694,4112,0.876
Municipal,2004,11/2/2004,Middlefield,3119,2649,0.8493
Municipal,2004,11/2/2004,Middletown,24867,19634,0.7896
Municipal,2004,11/2/2004,Milford,32377,27111,0.8374
Municipal,2004,11/2/2004,Monroe,12766,10715,0.8393
Municipal,2004,11/2/2004,Montville,9571,7987,0.8345
Municipal,2004,11/2/2004,Morris,1664,1403,0.8431
Municipal,2004,11/2/2004,Naugatuck,17468,12957,0.7418
Municipal,2004,11/2/2004,New Britain,30925,21384,0.6915
Municipal,2004,11/2/2004,New Canaan,12759,11085,0.8688
Municipal,2004,11/2/2004,New Fairfield,9178,7497,0.8168
Municipal,2004,11/2/2004,New Hartford,4585,3919,0.8547
Municipal,2004,11/2/2004,New Haven,58094,39458,0.6792
Municipal,2004,11/2/2004,New London,11124,7573,0.6808
Municipal,2004,11/2/2004,New Milford,17505,13314,0.7606
Municipal,2004,11/2/2004,Newington,19279,16261,0.8435
Municipal,2004,11/2/2004,Newtown,16598,14534,0.8756
Municipal,2004,11/2/2004,Norfolk,1116,985,0.8826
Municipal,2004,11/2/2004,North Branford,8743,7377,0.8438
Municipal,2004,11/2/2004,North Canaan,1971,1543,0.7829
Municipal,2004,11/2/2004,North Haven,16095,13174,0.8185
Municipal,2004,11/2/2004,North Stonington,3512,2826,0.8047
Municipal,2004,11/2/2004,Norwalk,47651,35801,0.7513
Municipal,2004,11/2/2004,Norwich,19880,14036,0.706
Municipal,2004,11/2/2004,Old Lyme,5984,4809,0.8036
Municipal,2004,11/2/2004,Old Saybrook,7395,6082,0.8224
Municipal,2004,11/2/2004,Orange,9737,8298,0.8522
Municipal,2004,11/2/2004,Oxford,7341,6046,0.8236
Municipal,2004,11/2/2004,Plainfield,8858,6117,0.6906
Municipal,2004,11/2/2004,Plainville,10557,8201,0.7768
Municipal,2004,11/2/2004,Plymouth,7563,5666,0.7492
Municipal,2004,11/2/2004,Pomfret,2779,2242,0.8068
Municipal,2004,11/2/2004,Portland,6357,5152,0.8104
Municipal,2004,11/2/2004,Preston,3355,2554,0.7613
Municipal,2004,11/2/2004,Prospect,5803,5079,0.8752
Municipal,2004,11/2/2004,Putnam,5010,4001,0.7986
Municipal,2004,11/2/2004,Redding,6318,5495,0.8697
Municipal,2004,11/2/2004,Ridgefield,16909,14186,0.839
Municipal,2004,11/2/2004,Rocky Hill,11615,9852,0.8482
Municipal,2004,11/2/2004,Roxbury,1870,1654,0.8845
Municipal,2004,11/2/2004,Salem,2630,2181,0.8293
Municipal,2004,11/2/2004,Salisbury,2815,2392,0.8497
Municipal,2004,11/2/2004,Scotland,1064,881,0.828
Municipal,2004,11/2/2004,Seymour,9123,7434,0.8149
Municipal,2004,11/2/2004,Sharon,1974,1623,0.8222
Municipal,2004,11/2/2004,Shelton,24294,19831,0.8163
Municipal,2004,11/2/2004,Sherman,2577,2125,0.8246
Municipal,2004,11/2/2004,Simsbury,17073,14074,0.8243
Municipal,2004,11/2/2004,Somers,5958,4557,0.7649
Municipal,2004,11/2/2004,South Windsor,16177,14123,0.873
Municipal,2004,11/2/2004,Southbury,13992,11575,0.8273
Municipal,2004,11/2/2004,Southington,27134,21681,0.799
Municipal,2004,11/2/2004,Sprague,1657,1375,0.8298
Municipal,2004,11/2/2004,Stafford,7464,6214,0.8325
Municipal,2004,11/2/2004,Stamford,59357,47496,0.8002
Municipal,2004,11/2/2004,Sterling,1870,1379,0.7374
Municipal,2004,11/2/2004,Stonington,12449,9926,0.7973
Municipal,2004,11/2/2004,Stratford,32691,24187,0.7399
Municipal,2004,11/2/2004,Suffield,8558,7013,0.8195
Municipal,2004,11/2/2004,Thomaston,4942,3956,0.8005
Municipal,2004,11/2/2004,Thompson,5233,4323,0.8261
Municipal,2004,11/2/2004,Tolland,9430,8166,0.866
Municipal,2004,11/2/2004,Torrington,19446,15973,0.8214
Municipal,2004,11/2/2004,Trumbull,24267,19913,0.8206
Municipal,2004,11/2/2004,Union,548,485,0.885
Municipal,2004,11/2/2004,Vernon,16625,13879,0.8348
Municipal,2004,11/2/2004,Voluntown,1565,1238,0.7911
Municipal,2004,11/2/2004,Wallingford,27265,22140,0.812
Municipal,2004,11/2/2004,Warren,909,792,87.13
Municipal,2004,11/2/2004,Washington,2400,2234,0.9308
Municipal,2004,11/2/2004,Waterbury,55004,32732,0.5951
Municipal,2004,11/2/2004,Waterford,12925,10454,0.8088
Municipal,2004,11/2/2004,Watertown,14078,11389,0.809
Municipal,2004,11/2/2004,West Hartford,40270,33755,0.8382
Municipal,2004,11/2/2004,West Haven,30050,21368,0.7111
Municipal,2004,11/2/2004,Westbrook,4222,3782,0.8958
Municipal,2004,11/2/2004,Weston,6278,5667,0.9027
Municipal,2004,11/2/2004,Westport,17652,15444,0.8749
Municipal,2004,11/2/2004,Wethersfield,18135,16472,0.9083
Municipal,2004,11/2/2004,Willington,3630,3060,0.843
Municipal,2004,11/2/2004,Wilton,11766,10447,0.8879
Municipal,2004,11/2/2004,Winchester,7090,5273,0.7437
Municipal,2004,11/2/2004,Windham,14035,8187,0.5833
Municipal,2004,11/2/2004,Windsor,18568,14932,0.8042
Municipal,2004,11/2/2004,Windsor Locks,14986,12076,0.8058
Municipal,2004,11/2/2004,Wolcott,10234,8437,0.8244
Municipal,2004,11/2/2004,Woodbridge,6162,5511,0.8944
Municipal,2004,11/2/2004,Woodbury,6635,5881,0.8864
Municipal,2004,11/2/2004,Woodstock,4944,4304,0.8706
