"District.Name","District.ID","School.Year","Languages","Number.of.Students.with.Non.English.Home.Language","Number.of.ELL.Students","districtid","group"
"Achievement First Hartford Academy Inc.",288,"2010-11","Creole-Haitian",NA,NA,288,"Public Charter"
"Achievement First Hartford Academy Inc.",288,"2010-11","Patois",NA,NA,288,"Public Charter"
"Achievement First Hartford Academy Inc.",288,"2010-11","Patwa",9,8,288,"Public Charter"
"Achievement First Hartford Academy Inc.",288,"2010-11","Spanish",18,17,288,"Public Charter"
"Achievement First Hartford Academy Inc.",288,"2010-11","Tamil",NA,NA,288,"Public Charter"
"Andover School District",1,"2010-11","Polish",6,1,1,"Not Alliance"
"Avon School District",4,"2010-11","Albanian",NA,NA,4,"Not Alliance"
"Avon School District",4,"2010-11","Arabic",NA,NA,4,"Not Alliance"
"Avon School District",4,"2010-11","Assyrian",NA,NA,4,"Not Alliance"
"Avon School District",4,"2010-11","Bengali",NA,NA,4,"Not Alliance"
"Avon School District",4,"2010-11","Cantonese",NA,NA,4,"Not Alliance"
"Avon School District",4,"2010-11","Chinese",20,3,4,"Not Alliance"
"Avon School District",4,"2010-11","Danish",NA,NA,4,"Not Alliance"
"Avon School District",4,"2010-11","German",7,2,4,"Not Alliance"
"Avon School District",4,"2010-11","Gujarati",NA,NA,4,"Not Alliance"
"Avon School District",4,"2010-11","Italian",NA,NA,4,"Not Alliance"
"Avon School District",4,"2010-11","Japanese",6,4,4,"Not Alliance"
"Avon School District",4,"2010-11","Korean",21,4,4,"Not Alliance"
"Avon School District",4,"2010-11","Malayalam",NA,NA,4,"Not Alliance"
"Avon School District",4,"2010-11","Marathi",NA,NA,4,"Not Alliance"
"Avon School District",4,"2010-11","Polish",11,3,4,"Not Alliance"
"Avon School District",4,"2010-11","Portuguese",NA,NA,4,"Not Alliance"
"Avon School District",4,"2010-11","Russian",20,7,4,"Not Alliance"
"Avon School District",4,"2010-11","Spanish",31,10,4,"Not Alliance"
"Avon School District",4,"2010-11","Tamil",7,2,4,"Not Alliance"
"Avon School District",4,"2010-11","Telugu",11,3,4,"Not Alliance"
"Avon School District",4,"2010-11","Thai",NA,NA,4,"Not Alliance"
"Avon School District",4,"2010-11","Ukrainian",NA,NA,4,"Not Alliance"
"Bloomfield School District",11,"2010-11","Arabic",NA,NA,11,"Other Alliance"
"Bloomfield School District",11,"2010-11","Bengali",NA,NA,11,"Other Alliance"
"Bloomfield School District",11,"2010-11","Creole-Haitian",NA,NA,11,"Other Alliance"
"Bloomfield School District",11,"2010-11","French",NA,NA,11,"Other Alliance"
"Bloomfield School District",11,"2010-11","Japanese",NA,NA,11,"Other Alliance"
"Bloomfield School District",11,"2010-11","Patois",18,17,11,"Other Alliance"
"Bloomfield School District",11,"2010-11","Russian",NA,NA,11,"Other Alliance"
"Bloomfield School District",11,"2010-11","Samoan",NA,NA,11,"Other Alliance"
"Bloomfield School District",11,"2010-11","Spanish",21,10,11,"Other Alliance"
"Bloomfield School District",11,"2010-11","Tamil",NA,NA,11,"Other Alliance"
"Bolton School District",12,"2010-11","Polish",NA,NA,12,"Not Alliance"
"Bolton School District",12,"2010-11","Spanish",NA,NA,12,"Not Alliance"
"Canton School District",23,"2010-11","Arabic",7,5,23,"Not Alliance"
"Canton School District",23,"2010-11","Chinese",NA,NA,23,"Not Alliance"
"Canton School District",23,"2010-11","French",NA,NA,23,"Not Alliance"
"Canton School District",23,"2010-11","Korean",NA,NA,23,"Not Alliance"
"Canton School District",23,"2010-11","Russian",NA,NA,23,"Not Alliance"
"Canton School District",23,"2010-11","Spanish",11,3,23,"Not Alliance"
"Capitol Region Education Council",241,"2010-11","Chinese",6,1,241,"CREC"
"Capitol Region Education Council",241,"2010-11","Creole-Haitian",6,1,241,"CREC"
"Capitol Region Education Council",241,"2010-11","Gujarati",NA,NA,241,"CREC"
"Capitol Region Education Council",241,"2010-11","Hindi",NA,NA,241,"CREC"
"Capitol Region Education Council",241,"2010-11","Karen",NA,NA,241,"CREC"
"Capitol Region Education Council",241,"2010-11","Korean",NA,NA,241,"CREC"
"Capitol Region Education Council",241,"2010-11","Mandarin",NA,NA,241,"CREC"
"Capitol Region Education Council",241,"2010-11","Patois",9,2,241,"CREC"
"Capitol Region Education Council",241,"2010-11","Polish",6,1,241,"CREC"
"Capitol Region Education Council",241,"2010-11","Russian",7,2,241,"CREC"
"Capitol Region Education Council",241,"2010-11","Somali",NA,NA,241,"CREC"
"Capitol Region Education Council",241,"2010-11","Spanish",221,69,241,"CREC"
"Capitol Region Education Council",241,"2010-11","Tamil",6,1,241,"CREC"
"Capitol Region Education Council",241,"2010-11","Twi/Fante",NA,NA,241,"CREC"
"Capitol Region Education Council",241,"2010-11","Urdu",11,2,241,"CREC"
"Capitol Region Education Council",241,"2010-11","Vietnamese",9,2,241,"CREC"
"Capitol Region Education Council",241,"2010-11","Yoruba",NA,NA,241,"CREC"
"East Granby School District",40,"2010-11","Chinese",7,1,40,"Not Alliance"
"East Granby School District",40,"2010-11","Spanish",10,3,40,"Not Alliance"
"East Granby School District",40,"2010-11","Telugu",NA,NA,40,"Not Alliance"
"East Hartford School District",43,"2010-11","Akan",NA,NA,43,"Other Alliance"
"East Hartford School District",43,"2010-11","Albanian",7,1,43,"Other Alliance"
"East Hartford School District",43,"2010-11","Arabic",NA,NA,43,"Other Alliance"
"East Hartford School District",43,"2010-11","Bangla",NA,NA,43,"Other Alliance"
"East Hartford School District",43,"2010-11","Bengali",NA,NA,43,"Other Alliance"
"East Hartford School District",43,"2010-11","Chinese",13,2,43,"Other Alliance"
"East Hartford School District",43,"2010-11","Creole-Haitian",NA,NA,43,"Other Alliance"
"East Hartford School District",43,"2010-11","French",17,6,43,"Other Alliance"
"East Hartford School District",43,"2010-11","Greek",NA,NA,43,"Other Alliance"
"East Hartford School District",43,"2010-11","Guanaina",NA,NA,43,"Other Alliance"
"East Hartford School District",43,"2010-11","Gujarati",19,5,43,"Other Alliance"
"East Hartford School District",43,"2010-11","Hausa",NA,NA,43,"Other Alliance"
"East Hartford School District",43,"2010-11","Hindi",NA,NA,43,"Other Alliance"
"East Hartford School District",43,"2010-11","Khmer(Cambodian)",NA,NA,43,"Other Alliance"
"East Hartford School District",43,"2010-11","Lao",35,12,43,"Other Alliance"
"East Hartford School District",43,"2010-11","Malayalam",NA,NA,43,"Other Alliance"
"East Hartford School District",43,"2010-11","Marathi",NA,NA,43,"Other Alliance"
"East Hartford School District",43,"2010-11","Pilipino (Filipino)",NA,NA,43,"Other Alliance"
"East Hartford School District",43,"2010-11","Polish",NA,NA,43,"Other Alliance"
"East Hartford School District",43,"2010-11","Portuguese",11,3,43,"Other Alliance"
"East Hartford School District",43,"2010-11","Pushto",NA,NA,43,"Other Alliance"
"East Hartford School District",43,"2010-11","Russian",NA,NA,43,"Other Alliance"
"East Hartford School District",43,"2010-11","Spanish",792,445,43,"Other Alliance"
"East Hartford School District",43,"2010-11","Swahili",NA,NA,43,"Other Alliance"
"East Hartford School District",43,"2010-11","Tagalog",NA,NA,43,"Other Alliance"
"East Hartford School District",43,"2010-11","Taiwanese",6,6,43,"Other Alliance"
"East Hartford School District",43,"2010-11","Tamil",NA,NA,43,"Other Alliance"
"East Hartford School District",43,"2010-11","Telugu",11,8,43,"Other Alliance"
"East Hartford School District",43,"2010-11","Twi/Fante",48,22,43,"Other Alliance"
"East Hartford School District",43,"2010-11","Urdu",6,2,43,"Other Alliance"
"East Hartford School District",43,"2010-11","Vietnamese",103,35,43,"Other Alliance"
"East Hartford School District",43,"2010-11","Wala",NA,NA,43,"Other Alliance"
"East Hartford School District",43,"2010-11","Wolof",NA,NA,43,"Other Alliance"
"East Windsor School District",47,"2010-11","Amharic",NA,NA,47,"Other Alliance"
"East Windsor School District",47,"2010-11","Arabic",NA,NA,47,"Other Alliance"
"East Windsor School District",47,"2010-11","Chinese",NA,NA,47,"Other Alliance"
"East Windsor School District",47,"2010-11","Mandarin",NA,NA,47,"Other Alliance"
"East Windsor School District",47,"2010-11","Marathi",NA,NA,47,"Other Alliance"
"East Windsor School District",47,"2010-11","Polish",8,1,47,"Other Alliance"
"East Windsor School District",47,"2010-11","Spanish",37,12,47,"Other Alliance"
"East Windsor School District",47,"2010-11","Telugu",17,4,47,"Other Alliance"
"East Windsor School District",47,"2010-11","Urdu",11,6,47,"Other Alliance"
"East Windsor School District",47,"2010-11","Vietnamese",NA,NA,47,"Other Alliance"
"Ellington School District",48,"2010-11","Albanian",NA,NA,48,"Not Alliance"
"Ellington School District",48,"2010-11","Arabic",6,3,48,"Not Alliance"
"Ellington School District",48,"2010-11","Chinese",9,5,48,"Not Alliance"
"Ellington School District",48,"2010-11","Greek",NA,NA,48,"Not Alliance"
"Ellington School District",48,"2010-11","Gujarati",7,2,48,"Not Alliance"
"Ellington School District",48,"2010-11","Hindi",NA,NA,48,"Not Alliance"
"Ellington School District",48,"2010-11","Korean",NA,NA,48,"Not Alliance"
"Ellington School District",48,"2010-11","Pilipino (Filipino)",NA,NA,48,"Not Alliance"
"Ellington School District",48,"2010-11","Portuguese",NA,NA,48,"Not Alliance"
"Ellington School District",48,"2010-11","Russian",NA,NA,48,"Not Alliance"
"Ellington School District",48,"2010-11","Spanish",NA,NA,48,"Not Alliance"
"Ellington School District",48,"2010-11","Telugu",NA,NA,48,"Not Alliance"
"Ellington School District",48,"2010-11","Turkish",NA,NA,48,"Not Alliance"
"Ellington School District",48,"2010-11","Urdu",NA,NA,48,"Not Alliance"
"Ellington School District",48,"2010-11","Vietnamese",NA,NA,48,"Not Alliance"
"Enfield School District",49,"2010-11","Arabic",33,18,49,"Not Alliance"
"Enfield School District",49,"2010-11","Chinese",7,2,49,"Not Alliance"
"Enfield School District",49,"2010-11","German",NA,NA,49,"Not Alliance"
"Enfield School District",49,"2010-11","Hmong",21,9,49,"Not Alliance"
"Enfield School District",49,"2010-11","Polish",27,6,49,"Not Alliance"
"Enfield School District",49,"2010-11","Somali",NA,NA,49,"Not Alliance"
"Enfield School District",49,"2010-11","Spanish",73,31,49,"Not Alliance"
"Enfield School District",49,"2010-11","Tagalog",NA,NA,49,"Not Alliance"
"Enfield School District",49,"2010-11","Turkish",NA,NA,49,"Not Alliance"
"Enfield School District",49,"2010-11","Twi/Fante",NA,NA,49,"Not Alliance"
"Enfield School District",49,"2010-11","Urdu",8,4,49,"Not Alliance"
"Enfield School District",49,"2010-11","Vietnamese",12,3,49,"Not Alliance"
"Farmington School District",52,"2010-11","Arabic",15,8,52,"Not Alliance"
"Farmington School District",52,"2010-11","Bengali",7,1,52,"Not Alliance"
"Farmington School District",52,"2010-11","Chinese",64,13,52,"Not Alliance"
"Farmington School District",52,"2010-11","Hindi",27,3,52,"Not Alliance"
"Farmington School District",52,"2010-11","Japanese",7,2,52,"Not Alliance"
"Farmington School District",52,"2010-11","Korean",36,7,52,"Not Alliance"
"Farmington School District",52,"2010-11","Lithuanian",NA,NA,52,"Not Alliance"
"Farmington School District",52,"2010-11","Malayalam",NA,NA,52,"Not Alliance"
"Farmington School District",52,"2010-11","Mandarin",6,2,52,"Not Alliance"
"Farmington School District",52,"2010-11","Polish",98,12,52,"Not Alliance"
"Farmington School District",52,"2010-11","Russian",26,4,52,"Not Alliance"
"Farmington School District",52,"2010-11","Spanish",44,6,52,"Not Alliance"
"Farmington School District",52,"2010-11","Tamil",11,2,52,"Not Alliance"
"Farmington School District",52,"2010-11","Telugu",21,1,52,"Not Alliance"
"Farmington School District",52,"2010-11","Turkish",11,3,52,"Not Alliance"
"Farmington School District",52,"2010-11","Ukrainian",6,1,52,"Not Alliance"
"Farmington School District",52,"2010-11","Urdu",19,2,52,"Not Alliance"
"Farmington School District",52,"2010-11","Vietnamese",11,2,52,"Not Alliance"
"Glastonbury School District",54,"2010-11","Albanian",13,4,54,"Not Alliance"
"Glastonbury School District",54,"2010-11","Arabic",13,4,54,"Not Alliance"
"Glastonbury School District",54,"2010-11","Basa",NA,NA,54,"Not Alliance"
"Glastonbury School District",54,"2010-11","Chinese",54,5,54,"Not Alliance"
"Glastonbury School District",54,"2010-11","French",NA,NA,54,"Not Alliance"
"Glastonbury School District",54,"2010-11","German",NA,NA,54,"Not Alliance"
"Glastonbury School District",54,"2010-11","Greek",NA,NA,54,"Not Alliance"
"Glastonbury School District",54,"2010-11","Gujarati",29,2,54,"Not Alliance"
"Glastonbury School District",54,"2010-11","Hindi",11,1,54,"Not Alliance"
"Glastonbury School District",54,"2010-11","Hungarian",NA,NA,54,"Not Alliance"
"Glastonbury School District",54,"2010-11","Japanese",10,6,54,"Not Alliance"
"Glastonbury School District",54,"2010-11","Korean",54,10,54,"Not Alliance"
"Glastonbury School District",54,"2010-11","Latvian",NA,NA,54,"Not Alliance"
"Glastonbury School District",54,"2010-11","Malayalam",NA,NA,54,"Not Alliance"
"Glastonbury School District",54,"2010-11","Marathi",NA,NA,54,"Not Alliance"
"Glastonbury School District",54,"2010-11","Nepali",NA,NA,54,"Not Alliance"
"Glastonbury School District",54,"2010-11","Pilipino (Filipino)",NA,NA,54,"Not Alliance"
"Glastonbury School District",54,"2010-11","Polish",11,1,54,"Not Alliance"
"Glastonbury School District",54,"2010-11","Portuguese",13,2,54,"Not Alliance"
"Glastonbury School District",54,"2010-11","Rumanian",NA,NA,54,"Not Alliance"
"Glastonbury School District",54,"2010-11","Russian",15,2,54,"Not Alliance"
"Glastonbury School District",54,"2010-11","Serbo-Croatian",10,1,54,"Not Alliance"
"Glastonbury School District",54,"2010-11","Spanish",77,22,54,"Not Alliance"
"Glastonbury School District",54,"2010-11","Tamil",6,1,54,"Not Alliance"
"Glastonbury School District",54,"2010-11","Telugu",15,3,54,"Not Alliance"
"Glastonbury School District",54,"2010-11","Tigrinya",NA,NA,54,"Not Alliance"
"Glastonbury School District",54,"2010-11","Ukrainian",NA,NA,54,"Not Alliance"
"Glastonbury School District",54,"2010-11","Urdu",9,2,54,"Not Alliance"
"Glastonbury School District",54,"2010-11","Vietnamese",21,4,54,"Not Alliance"
"Granby School District",56,"2010-11","Albanian",NA,NA,56,"Not Alliance"
"Granby School District",56,"2010-11","Arabic",NA,NA,56,"Not Alliance"
"Granby School District",56,"2010-11","Danish",NA,NA,56,"Not Alliance"
"Granby School District",56,"2010-11","Mandarin",NA,NA,56,"Not Alliance"
"Granby School District",56,"2010-11","Polish",NA,NA,56,"Not Alliance"
"Granby School District",56,"2010-11","Spanish",NA,NA,56,"Not Alliance"
"Hartford School District",64,"2010-11","Afrikaans",9,8,64,"Hartford"
"Hartford School District",64,"2010-11","Albanian",85,33,64,"Hartford"
"Hartford School District",64,"2010-11","Arabic",35,24,64,"Hartford"
"Hartford School District",64,"2010-11","Bangla",NA,NA,64,"Hartford"
"Hartford School District",64,"2010-11","Bengali",18,5,64,"Hartford"
"Hartford School District",64,"2010-11","Burmese",18,18,64,"Hartford"
"Hartford School District",64,"2010-11","Chinese",6,5,64,"Hartford"
"Hartford School District",64,"2010-11","Creole-Haitian",30,11,64,"Hartford"
"Hartford School District",64,"2010-11","Creole-Jaotoam",NA,NA,64,"Hartford"
"Hartford School District",64,"2010-11","Ewe",NA,NA,64,"Hartford"
"Hartford School District",64,"2010-11","French",32,15,64,"Hartford"
"Hartford School District",64,"2010-11","Ganda",NA,NA,64,"Hartford"
"Hartford School District",64,"2010-11","German",NA,NA,64,"Hartford"
"Hartford School District",64,"2010-11","Greek",NA,NA,64,"Hartford"
"Hartford School District",64,"2010-11","Grobo",6,3,64,"Hartford"
"Hartford School District",64,"2010-11","Gujarati",NA,NA,64,"Hartford"
"Hartford School District",64,"2010-11","Hindi",10,3,64,"Hartford"
"Hartford School District",64,"2010-11","Karen",161,155,64,"Hartford"
"Hartford School District",64,"2010-11","Kirundi",14,6,64,"Hartford"
"Hartford School District",64,"2010-11","Korean",NA,NA,64,"Hartford"
"Hartford School District",64,"2010-11","Krahan",7,5,64,"Hartford"
"Hartford School District",64,"2010-11","Malay(Indonesian)",NA,NA,64,"Hartford"
"Hartford School District",64,"2010-11","Malayalam",NA,NA,64,"Hartford"
"Hartford School District",64,"2010-11","Mandarin",NA,NA,64,"Hartford"
"Hartford School District",64,"2010-11","Mende",NA,NA,64,"Hartford"
"Hartford School District",64,"2010-11","Mondingo",NA,NA,64,"Hartford"
"Hartford School District",64,"2010-11","Nepali",8,7,64,"Hartford"
"Hartford School District",64,"2010-11","Patout",NA,NA,64,"Hartford"
"Hartford School District",64,"2010-11","Patwa",27,6,64,"Hartford"
"Hartford School District",64,"2010-11","Portuguese",72,29,64,"Hartford"
"Hartford School District",64,"2010-11","Punjabi",NA,NA,64,"Hartford"
"Hartford School District",64,"2010-11","Russian",22,17,64,"Hartford"
"Hartford School District",64,"2010-11","Serbo-Croatian",248,79,64,"Hartford"
"Hartford School District",64,"2010-11","Singhalese",NA,NA,64,"Hartford"
"Hartford School District",64,"2010-11","Somali",49,44,64,"Hartford"
"Hartford School District",64,"2010-11","Spanish",7306,3149,64,"Hartford"
"Hartford School District",64,"2010-11","Swahili",NA,NA,64,"Hartford"
"Hartford School District",64,"2010-11","Telugu",9,2,64,"Hartford"
"Hartford School District",64,"2010-11","Thai",7,5,64,"Hartford"
"Hartford School District",64,"2010-11","Turkish",19,13,64,"Hartford"
"Hartford School District",64,"2010-11","Twi/Fante",NA,NA,64,"Hartford"
"Hartford School District",64,"2010-11","Urdu",12,6,64,"Hartford"
"Hartford School District",64,"2010-11","Vietnamese",44,12,64,"Hartford"
"Hebron School District",67,"2010-11","Farsi",NA,NA,67,"Not Alliance"
"Jumoke Academy District",261,"2010-11","Telugu",NA,NA,261,"Public Charter"
"Manchester School District",77,"2010-11","Akan",NA,NA,77,"Other Alliance"
"Manchester School District",77,"2010-11","Albanian",NA,NA,77,"Other Alliance"
"Manchester School District",77,"2010-11","Arabic",7,7,77,"Other Alliance"
"Manchester School District",77,"2010-11","Bangla",11,11,77,"Other Alliance"
"Manchester School District",77,"2010-11","Bengali",25,25,77,"Other Alliance"
"Manchester School District",77,"2010-11","Chinese",9,9,77,"Other Alliance"
"Manchester School District",77,"2010-11","Creole-Haitian",NA,NA,77,"Other Alliance"
"Manchester School District",77,"2010-11","Efik",NA,NA,77,"Other Alliance"
"Manchester School District",77,"2010-11","Flemish",NA,NA,77,"Other Alliance"
"Manchester School District",77,"2010-11","French",NA,NA,77,"Other Alliance"
"Manchester School District",77,"2010-11","Ga",NA,NA,77,"Other Alliance"
"Manchester School District",77,"2010-11","Gujarati",11,11,77,"Other Alliance"
"Manchester School District",77,"2010-11","Hindi",NA,NA,77,"Other Alliance"
"Manchester School District",77,"2010-11","Kannada",NA,NA,77,"Other Alliance"
"Manchester School District",77,"2010-11","Khmer(Cambodian)",NA,NA,77,"Other Alliance"
"Manchester School District",77,"2010-11","Lao",NA,NA,77,"Other Alliance"
"Manchester School District",77,"2010-11","Mandarin",NA,NA,77,"Other Alliance"
"Manchester School District",77,"2010-11","Mondingo",NA,NA,77,"Other Alliance"
"Manchester School District",77,"2010-11","Pashto",NA,NA,77,"Other Alliance"
"Manchester School District",77,"2010-11","Patois",NA,NA,77,"Other Alliance"
"Manchester School District",77,"2010-11","Pilipino (Filipino)",NA,NA,77,"Other Alliance"
"Manchester School District",77,"2010-11","Polish",NA,NA,77,"Other Alliance"
"Manchester School District",77,"2010-11","Portuguese",NA,NA,77,"Other Alliance"
"Manchester School District",77,"2010-11","Pushto",8,8,77,"Other Alliance"
"Manchester School District",77,"2010-11","Serbo-Croatian",NA,NA,77,"Other Alliance"
"Manchester School District",77,"2010-11","Spanish",178,178,77,"Other Alliance"
"Manchester School District",77,"2010-11","Tamil",NA,NA,77,"Other Alliance"
"Manchester School District",77,"2010-11","Telugu",12,12,77,"Other Alliance"
"Manchester School District",77,"2010-11","Turkish",NA,NA,77,"Other Alliance"
"Manchester School District",77,"2010-11","Twi/Fante",14,14,77,"Other Alliance"
"Manchester School District",77,"2010-11","Urdu",15,15,77,"Other Alliance"
"Manchester School District",77,"2010-11","Vietnamese",NA,NA,77,"Other Alliance"
"Manchester School District",77,"2010-11","Wolof",NA,NA,77,"Other Alliance"
"Newington School District",94,"2010-11","Albanian",22,3,94,"Not Alliance"
"Newington School District",94,"2010-11","Arabic",11,1,94,"Not Alliance"
"Newington School District",94,"2010-11","Armenian",NA,NA,94,"Not Alliance"
"Newington School District",94,"2010-11","Chinese",27,6,94,"Not Alliance"
"Newington School District",94,"2010-11","French",NA,NA,94,"Not Alliance"
"Newington School District",94,"2010-11","Giarahi",NA,NA,94,"Not Alliance"
"Newington School District",94,"2010-11","Gujarati",40,12,94,"Not Alliance"
"Newington School District",94,"2010-11","Italian",NA,NA,94,"Not Alliance"
"Newington School District",94,"2010-11","Korean",7,3,94,"Not Alliance"
"Newington School District",94,"2010-11","Lao",NA,NA,94,"Not Alliance"
"Newington School District",94,"2010-11","Malay(Indonesian)",NA,NA,94,"Not Alliance"
"Newington School District",94,"2010-11","Malayalam",35,8,94,"Not Alliance"
"Newington School District",94,"2010-11","Mandarin",NA,NA,94,"Not Alliance"
"Newington School District",94,"2010-11","Patwa",NA,NA,94,"Not Alliance"
"Newington School District",94,"2010-11","Pilipino (Filipino)",10,2,94,"Not Alliance"
"Newington School District",94,"2010-11","Polish",158,22,94,"Not Alliance"
"Newington School District",94,"2010-11","Portuguese",22,5,94,"Not Alliance"
"Newington School District",94,"2010-11","Punjabi",NA,NA,94,"Not Alliance"
"Newington School District",94,"2010-11","Russian",29,7,94,"Not Alliance"
"Newington School District",94,"2010-11","Spanish",119,37,94,"Not Alliance"
"Newington School District",94,"2010-11","Tagalog",7,3,94,"Not Alliance"
"Newington School District",94,"2010-11","Ukrainian",16,4,94,"Not Alliance"
"Newington School District",94,"2010-11","Urdu",27,3,94,"Not Alliance"
"Newington School District",94,"2010-11","Vietnamese",36,17,94,"Not Alliance"
"Rocky Hill School District",119,"2010-11","Albanian",22,3,119,"Not Alliance"
"Rocky Hill School District",119,"2010-11","Farsi",NA,NA,119,"Not Alliance"
"Rocky Hill School District",119,"2010-11","French",NA,NA,119,"Not Alliance"
"Rocky Hill School District",119,"2010-11","German",NA,NA,119,"Not Alliance"
"Rocky Hill School District",119,"2010-11","Greek",NA,NA,119,"Not Alliance"
"Rocky Hill School District",119,"2010-11","Gujarati",35,7,119,"Not Alliance"
"Rocky Hill School District",119,"2010-11","Hindi",15,1,119,"Not Alliance"
"Rocky Hill School District",119,"2010-11","Korean",NA,NA,119,"Not Alliance"
"Rocky Hill School District",119,"2010-11","Malayalam",9,1,119,"Not Alliance"
"Rocky Hill School District",119,"2010-11","Marathi",12,2,119,"Not Alliance"
"Rocky Hill School District",119,"2010-11","Pashto",NA,NA,119,"Not Alliance"
"Rocky Hill School District",119,"2010-11","Polish",40,5,119,"Not Alliance"
"Rocky Hill School District",119,"2010-11","Serbo-Croatian",33,17,119,"Not Alliance"
"Rocky Hill School District",119,"2010-11","Spanish",42,7,119,"Not Alliance"
"Rocky Hill School District",119,"2010-11","Tamil",20,10,119,"Not Alliance"
"Rocky Hill School District",119,"2010-11","Telugu",19,6,119,"Not Alliance"
"Rocky Hill School District",119,"2010-11","Turkish",7,4,119,"Not Alliance"
"Rocky Hill School District",119,"2010-11","Vietnamese",7,1,119,"Not Alliance"
"Simsbury School District",128,"2010-11","Arabic",12,10,128,"Not Alliance"
"Simsbury School District",128,"2010-11","Chinese",24,4,128,"Not Alliance"
"Simsbury School District",128,"2010-11","Farsi",NA,NA,128,"Not Alliance"
"Simsbury School District",128,"2010-11","Hindi",NA,NA,128,"Not Alliance"
"Simsbury School District",128,"2010-11","Hmong",NA,NA,128,"Not Alliance"
"Simsbury School District",128,"2010-11","Japanese",6,2,128,"Not Alliance"
"Simsbury School District",128,"2010-11","Konkani",NA,NA,128,"Not Alliance"
"Simsbury School District",128,"2010-11","Korean",24,2,128,"Not Alliance"
"Simsbury School District",128,"2010-11","Mandarin",NA,NA,128,"Not Alliance"
"Simsbury School District",128,"2010-11","Montenegrin",NA,NA,128,"Not Alliance"
"Simsbury School District",128,"2010-11","Persian",NA,NA,128,"Not Alliance"
"Simsbury School District",128,"2010-11","Polish",9,1,128,"Not Alliance"
"Simsbury School District",128,"2010-11","Portuguese",NA,NA,128,"Not Alliance"
"Simsbury School District",128,"2010-11","Punjabi",NA,NA,128,"Not Alliance"
"Simsbury School District",128,"2010-11","Russian",20,5,128,"Not Alliance"
"Simsbury School District",128,"2010-11","Serbo-Croatian",NA,NA,128,"Not Alliance"
"Simsbury School District",128,"2010-11","Spanish",50,14,128,"Not Alliance"
"Simsbury School District",128,"2010-11","Swedish",NA,NA,128,"Not Alliance"
"Simsbury School District",128,"2010-11","Telugu",8,3,128,"Not Alliance"
"Simsbury School District",128,"2010-11","Urdu",7,1,128,"Not Alliance"
"Somers School District",129,"2010-11","Arabic",NA,NA,129,"Not Alliance"
"Somers School District",129,"2010-11","Chinese",NA,NA,129,"Not Alliance"
"Somers School District",129,"2010-11","Creole-Haitian",NA,NA,129,"Not Alliance"
"Somers School District",129,"2010-11","German",NA,NA,129,"Not Alliance"
"Somers School District",129,"2010-11","Hebrew",NA,NA,129,"Not Alliance"
"Somers School District",129,"2010-11","Hungarian",NA,NA,129,"Not Alliance"
"Somers School District",129,"2010-11","Polish",NA,NA,129,"Not Alliance"
"Somers School District",129,"2010-11","Turkish",NA,NA,129,"Not Alliance"
"South Windsor School District",132,"2010-11","Akan",NA,NA,132,"Not Alliance"
"South Windsor School District",132,"2010-11","Albanian",6,2,132,"Not Alliance"
"South Windsor School District",132,"2010-11","Arabic",17,6,132,"Not Alliance"
"South Windsor School District",132,"2010-11","Bangla",NA,NA,132,"Not Alliance"
"South Windsor School District",132,"2010-11","Bengali",8,2,132,"Not Alliance"
"South Windsor School District",132,"2010-11","Chinese",23,1,132,"Not Alliance"
"South Windsor School District",132,"2010-11","French",6,1,132,"Not Alliance"
"South Windsor School District",132,"2010-11","Ga",NA,NA,132,"Not Alliance"
"South Windsor School District",132,"2010-11","Greek",NA,NA,132,"Not Alliance"
"South Windsor School District",132,"2010-11","Gujarati",36,10,132,"Not Alliance"
"South Windsor School District",132,"2010-11","Hindi",NA,NA,132,"Not Alliance"
"South Windsor School District",132,"2010-11","Korean",17,2,132,"Not Alliance"
"South Windsor School District",132,"2010-11","Latvian",NA,NA,132,"Not Alliance"
"South Windsor School District",132,"2010-11","Malayalam",6,1,132,"Not Alliance"
"South Windsor School District",132,"2010-11","Marathi",7,1,132,"Not Alliance"
"South Windsor School District",132,"2010-11","Pashto",NA,NA,132,"Not Alliance"
"South Windsor School District",132,"2010-11","Pilipino (Filipino)",NA,NA,132,"Not Alliance"
"South Windsor School District",132,"2010-11","Polish",10,2,132,"Not Alliance"
"South Windsor School District",132,"2010-11","Portuguese",8,6,132,"Not Alliance"
"South Windsor School District",132,"2010-11","Spanish",45,19,132,"Not Alliance"
"South Windsor School District",132,"2010-11","Telugu",11,1,132,"Not Alliance"
"South Windsor School District",132,"2010-11","Thai",NA,NA,132,"Not Alliance"
"South Windsor School District",132,"2010-11","Turkish",NA,NA,132,"Not Alliance"
"South Windsor School District",132,"2010-11","Urdu",36,8,132,"Not Alliance"
"South Windsor School District",132,"2010-11","Vietnamese",28,3,132,"Not Alliance"
"Stafford School District",134,"2010-11","Hmong",NA,NA,134,"Not Alliance"
"Stafford School District",134,"2010-11","Lao",NA,NA,134,"Not Alliance"
"Stafford School District",134,"2010-11","Mandarin",NA,NA,134,"Not Alliance"
"Stafford School District",134,"2010-11","Polish",6,2,134,"Not Alliance"
"Stafford School District",134,"2010-11","Portuguese",NA,NA,134,"Not Alliance"
"Stafford School District",134,"2010-11","Russian",NA,NA,134,"Not Alliance"
"Stafford School District",134,"2010-11","Spanish",12,2,134,"Not Alliance"
"Stafford School District",134,"2010-11","Urdu",9,5,134,"Not Alliance"
"Stafford School District",134,"2010-11","Vietnamese",NA,NA,134,"Not Alliance"
"Suffield School District",139,"2010-11","Chinese",7,4,139,"Not Alliance"
"Suffield School District",139,"2010-11","Danish",NA,NA,139,"Not Alliance"
"Suffield School District",139,"2010-11","Russian",8,1,139,"Not Alliance"
"Suffield School District",139,"2010-11","Ukrainian",NA,NA,139,"Not Alliance"
"Suffield School District",139,"2010-11","Vietnamese",NA,NA,139,"Not Alliance"
"Tolland School District",142,"2010-11","Arabic",NA,NA,142,"Not Alliance"
"Tolland School District",142,"2010-11","German",NA,NA,142,"Not Alliance"
"Tolland School District",142,"2010-11","Gujarati",NA,NA,142,"Not Alliance"
"Tolland School District",142,"2010-11","Hmong",NA,NA,142,"Not Alliance"
"Tolland School District",142,"2010-11","Lao",NA,NA,142,"Not Alliance"
"Tolland School District",142,"2010-11","Rumanian",NA,NA,142,"Not Alliance"
"Tolland School District",142,"2010-11","Russian",NA,NA,142,"Not Alliance"
"Tolland School District",142,"2010-11","Spanish",NA,NA,142,"Not Alliance"
"Tolland School District",142,"2010-11","Swahili",NA,NA,142,"Not Alliance"
"Tolland School District",142,"2010-11","Urdu",NA,NA,142,"Not Alliance"
"Vernon School District",146,"2010-11","Arabic",12,3,146,"Other Alliance"
"Vernon School District",146,"2010-11","Chinese",9,5,146,"Other Alliance"
"Vernon School District",146,"2010-11","German",NA,NA,146,"Other Alliance"
"Vernon School District",146,"2010-11","Greek",NA,NA,146,"Other Alliance"
"Vernon School District",146,"2010-11","Gujarati",NA,NA,146,"Other Alliance"
"Vernon School District",146,"2010-11","Hungarian",NA,NA,146,"Other Alliance"
"Vernon School District",146,"2010-11","Japanese",NA,NA,146,"Other Alliance"
"Vernon School District",146,"2010-11","Korean",7,2,146,"Other Alliance"
"Vernon School District",146,"2010-11","Polish",14,2,146,"Other Alliance"
"Vernon School District",146,"2010-11","Punjabi",7,2,146,"Other Alliance"
"Vernon School District",146,"2010-11","Russian",NA,NA,146,"Other Alliance"
"Vernon School District",146,"2010-11","Serbo-Croatian",NA,NA,146,"Other Alliance"
"Vernon School District",146,"2010-11","Spanish",50,22,146,"Other Alliance"
"Vernon School District",146,"2010-11","Telugu",NA,NA,146,"Other Alliance"
"Vernon School District",146,"2010-11","Twi/Fante",NA,NA,146,"Other Alliance"
"Vernon School District",146,"2010-11","Urdu",67,24,146,"Other Alliance"
"Vernon School District",146,"2010-11","Vietnamese",23,10,146,"Other Alliance"
"West Hartford School District",155,"2010-11","Albanian",19,4,155,"Not Alliance"
"West Hartford School District",155,"2010-11","Arabic",35,18,155,"Not Alliance"
"West Hartford School District",155,"2010-11","Bengali",9,3,155,"Not Alliance"
"West Hartford School District",155,"2010-11","Bikol",NA,NA,155,"Not Alliance"
"West Hartford School District",155,"2010-11","Cantonese",11,1,155,"Not Alliance"
"West Hartford School District",155,"2010-11","Chinese",185,50,155,"Not Alliance"
"West Hartford School District",155,"2010-11","Creole-Haitian",6,5,155,"Not Alliance"
"West Hartford School District",155,"2010-11","Creole-Jaotoam",6,1,155,"Not Alliance"
"West Hartford School District",155,"2010-11","Dari",7,4,155,"Not Alliance"
"West Hartford School District",155,"2010-11","Farsi",NA,NA,155,"Not Alliance"
"West Hartford School District",155,"2010-11","French",28,5,155,"Not Alliance"
"West Hartford School District",155,"2010-11","German",19,4,155,"Not Alliance"
"West Hartford School District",155,"2010-11","Gujarati",17,2,155,"Not Alliance"
"West Hartford School District",155,"2010-11","Hebrew",9,1,155,"Not Alliance"
"West Hartford School District",155,"2010-11","Hindi",14,1,155,"Not Alliance"
"West Hartford School District",155,"2010-11","Icelandic",NA,NA,155,"Not Alliance"
"West Hartford School District",155,"2010-11","Igbo",14,2,155,"Not Alliance"
"West Hartford School District",155,"2010-11","Italian",7,1,155,"Not Alliance"
"West Hartford School District",155,"2010-11","Kambaata",NA,NA,155,"Not Alliance"
"West Hartford School District",155,"2010-11","Khmer(Cambodian)",12,3,155,"Not Alliance"
"West Hartford School District",155,"2010-11","Korean",21,2,155,"Not Alliance"
"West Hartford School District",155,"2010-11","Lao",8,3,155,"Not Alliance"
"West Hartford School District",155,"2010-11","Lithuanian",7,1,155,"Not Alliance"
"West Hartford School District",155,"2010-11","Maay",NA,NA,155,"Not Alliance"
"West Hartford School District",155,"2010-11","Malay(Indonesian)",NA,NA,155,"Not Alliance"
"West Hartford School District",155,"2010-11","Malayalam",36,8,155,"Not Alliance"
"West Hartford School District",155,"2010-11","Mandarin",16,5,155,"Not Alliance"
"West Hartford School District",155,"2010-11","Nepali",54,25,155,"Not Alliance"
"West Hartford School District",155,"2010-11","Oriya",NA,NA,155,"Not Alliance"
"West Hartford School District",155,"2010-11","Persian",NA,NA,155,"Not Alliance"
"West Hartford School District",155,"2010-11","Pilipino (Filipino)",6,1,155,"Not Alliance"
"West Hartford School District",155,"2010-11","Portuguese",112,33,155,"Not Alliance"
"West Hartford School District",155,"2010-11","Punjabi",32,15,155,"Not Alliance"
"West Hartford School District",155,"2010-11","Pushto",NA,NA,155,"Not Alliance"
"West Hartford School District",155,"2010-11","Rumanian",7,1,155,"Not Alliance"
"West Hartford School District",155,"2010-11","Russian",97,16,155,"Not Alliance"
"West Hartford School District",155,"2010-11","Somali",15,3,155,"Not Alliance"
"West Hartford School District",155,"2010-11","Spanish",652,229,155,"Not Alliance"
"West Hartford School District",155,"2010-11","Telugu",NA,NA,155,"Not Alliance"
"West Hartford School District",155,"2010-11","Thai",NA,NA,155,"Not Alliance"
"West Hartford School District",155,"2010-11","Turkish",10,6,155,"Not Alliance"
"West Hartford School District",155,"2010-11","Twi/Fante",NA,NA,155,"Not Alliance"
"West Hartford School District",155,"2010-11","Ukrainian",11,2,155,"Not Alliance"
"West Hartford School District",155,"2010-11","Urdu",75,35,155,"Not Alliance"
"West Hartford School District",155,"2010-11","Vietnamese",190,61,155,"Not Alliance"
"West Hartford School District",155,"2010-11","Wolof",NA,NA,155,"Not Alliance"
"Wethersfield School District",159,"2010-11","Albanian",38,15,159,"Not Alliance"
"Wethersfield School District",159,"2010-11","Amharic",NA,NA,159,"Not Alliance"
"Wethersfield School District",159,"2010-11","Armenian",NA,NA,159,"Not Alliance"
"Wethersfield School District",159,"2010-11","Chinese",21,6,159,"Not Alliance"
"Wethersfield School District",159,"2010-11","Georgian",NA,NA,159,"Not Alliance"
"Wethersfield School District",159,"2010-11","Greek",NA,NA,159,"Not Alliance"
"Wethersfield School District",159,"2010-11","Hindi",NA,NA,159,"Not Alliance"
"Wethersfield School District",159,"2010-11","Hungarian",NA,NA,159,"Not Alliance"
"Wethersfield School District",159,"2010-11","Italian",7,4,159,"Not Alliance"
"Wethersfield School District",159,"2010-11","Korean",NA,NA,159,"Not Alliance"
"Wethersfield School District",159,"2010-11","Oriya",NA,NA,159,"Not Alliance"
"Wethersfield School District",159,"2010-11","Pashto",NA,NA,159,"Not Alliance"
"Wethersfield School District",159,"2010-11","Patois",NA,NA,159,"Not Alliance"
"Wethersfield School District",159,"2010-11","Pilipino (Filipino)",NA,NA,159,"Not Alliance"
"Wethersfield School District",159,"2010-11","Polish",23,7,159,"Not Alliance"
"Wethersfield School District",159,"2010-11","Portuguese",11,2,159,"Not Alliance"
"Wethersfield School District",159,"2010-11","Russian",NA,NA,159,"Not Alliance"
"Wethersfield School District",159,"2010-11","Serbo-Croatian",78,40,159,"Not Alliance"
"Wethersfield School District",159,"2010-11","Sindhi",NA,NA,159,"Not Alliance"
"Wethersfield School District",159,"2010-11","Spanish",147,72,159,"Not Alliance"
"Wethersfield School District",159,"2010-11","Telugu",NA,NA,159,"Not Alliance"
"Wethersfield School District",159,"2010-11","Turkish",6,4,159,"Not Alliance"
"Wethersfield School District",159,"2010-11","Ukrainian",7,4,159,"Not Alliance"
"Wethersfield School District",159,"2010-11","Urdu",12,9,159,"Not Alliance"
"Wethersfield School District",159,"2010-11","Vietnamese",12,3,159,"Not Alliance"
"Windsor Locks School District",165,"2010-11","Akan",NA,NA,165,"Other Alliance"
"Windsor Locks School District",165,"2010-11","Arabic",27,14,165,"Other Alliance"
"Windsor Locks School District",165,"2010-11","Chinese",15,8,165,"Other Alliance"
"Windsor Locks School District",165,"2010-11","Farsi",NA,NA,165,"Other Alliance"
"Windsor Locks School District",165,"2010-11","French",NA,NA,165,"Other Alliance"
"Windsor Locks School District",165,"2010-11","Gujarati",27,9,165,"Other Alliance"
"Windsor Locks School District",165,"2010-11","Hindi",NA,NA,165,"Other Alliance"
"Windsor Locks School District",165,"2010-11","Japanese",NA,NA,165,"Other Alliance"
"Windsor Locks School District",165,"2010-11","Lao",NA,NA,165,"Other Alliance"
"Windsor Locks School District",165,"2010-11","Nepali",NA,NA,165,"Other Alliance"
"Windsor Locks School District",165,"2010-11","Pashto",NA,NA,165,"Other Alliance"
"Windsor Locks School District",165,"2010-11","Polish",8,1,165,"Other Alliance"
"Windsor Locks School District",165,"2010-11","Punjabi",NA,NA,165,"Other Alliance"
"Windsor Locks School District",165,"2010-11","Russian",NA,NA,165,"Other Alliance"
"Windsor Locks School District",165,"2010-11","Spanish",25,9,165,"Other Alliance"
"Windsor Locks School District",165,"2010-11","Urdu",22,5,165,"Other Alliance"
"Windsor School District",164,"2010-11","Afrikaans",NA,NA,164,"Other Alliance"
"Windsor School District",164,"2010-11","Arabic",6,3,164,"Other Alliance"
"Windsor School District",164,"2010-11","Bengali",6,3,164,"Other Alliance"
"Windsor School District",164,"2010-11","Chinese",7,1,164,"Other Alliance"
"Windsor School District",164,"2010-11","Creole-Haitian",NA,NA,164,"Other Alliance"
"Windsor School District",164,"2010-11","Fante",NA,NA,164,"Other Alliance"
"Windsor School District",164,"2010-11","French",NA,NA,164,"Other Alliance"
"Windsor School District",164,"2010-11","Gujarati",15,4,164,"Other Alliance"
"Windsor School District",164,"2010-11","Hausa",NA,NA,164,"Other Alliance"
"Windsor School District",164,"2010-11","Hindi",8,2,164,"Other Alliance"
"Windsor School District",164,"2010-11","Hmong",NA,NA,164,"Other Alliance"
"Windsor School District",164,"2010-11","Lao",NA,NA,164,"Other Alliance"
"Windsor School District",164,"2010-11","Lithuanian",NA,NA,164,"Other Alliance"
"Windsor School District",164,"2010-11","Malay(Indonesian)",NA,NA,164,"Other Alliance"
"Windsor School District",164,"2010-11","Nepali",NA,NA,164,"Other Alliance"
"Windsor School District",164,"2010-11","Patwa",8,8,164,"Other Alliance"
"Windsor School District",164,"2010-11","Portuguese",NA,NA,164,"Other Alliance"
"Windsor School District",164,"2010-11","Rumanian",NA,NA,164,"Other Alliance"
"Windsor School District",164,"2010-11","Russian",NA,NA,164,"Other Alliance"
"Windsor School District",164,"2010-11","Serbo-Croatian",NA,NA,164,"Other Alliance"
"Windsor School District",164,"2010-11","Somali",NA,NA,164,"Other Alliance"
"Windsor School District",164,"2010-11","Spanish",120,35,164,"Other Alliance"
"Windsor School District",164,"2010-11","Telugu",NA,NA,164,"Other Alliance"
"Windsor School District",164,"2010-11","Turkish",8,5,164,"Other Alliance"
"Windsor School District",164,"2010-11","Urdu",16,5,164,"Other Alliance"
"Windsor School District",164,"2010-11","Vietnamese",28,6,164,"Other Alliance"
"Windsor School District",164,"2010-11","Wolof",NA,NA,164,"Other Alliance"
