"area","naicsector","sectortitle","series","year","value"
"Eastern",44,"Retail Trade","Employees",1990,18898
"Eastern",44,"Retail Trade","Employees",1991,17643
"Eastern",44,"Retail Trade","Employees",1992,17189
"Eastern",44,"Retail Trade","Employees",1993,17215
"Eastern",44,"Retail Trade","Employees",1994,17952
"Eastern",44,"Retail Trade","Employees",1995,18480
"Eastern",44,"Retail Trade","Employees",1996,18807
"Eastern",44,"Retail Trade","Employees",1997,19444
"Eastern",44,"Retail Trade","Employees",1998,19650
"Eastern",44,"Retail Trade","Employees",1999,19856
"Eastern",44,"Retail Trade","Employees",2000,19897
"Eastern",44,"Retail Trade","Employees",2001,20292
"Eastern",44,"Retail Trade","Employees",2002,20717
"Eastern",44,"Retail Trade","Employees",2003,20796
"Eastern",44,"Retail Trade","Employees",2004,20767
"Eastern",44,"Retail Trade","Employees",2005,20786
"Eastern",44,"Retail Trade","Employees",2006,20905
"Eastern",44,"Retail Trade","Employees",2007,20886
"Eastern",44,"Retail Trade","Employees",2008,20279
"Eastern",44,"Retail Trade","Employees",2009,19715
"Eastern",44,"Retail Trade","Employees",2010,19717
"Eastern",44,"Retail Trade","Employees",2011,19845
"Eastern",44,"Retail Trade","Employees",2012,20014
"Eastern",44,"Retail Trade","Employees",2013,20328
"Eastern",52,"Finance & Insurance","Employees",1990,3614
"Eastern",52,"Finance & Insurance","Employees",1991,3357
"Eastern",52,"Finance & Insurance","Employees",1992,3315
"Eastern",52,"Finance & Insurance","Employees",1993,3302
"Eastern",52,"Finance & Insurance","Employees",1994,3038
"Eastern",52,"Finance & Insurance","Employees",1995,2881
"Eastern",52,"Finance & Insurance","Employees",1996,2911
"Eastern",52,"Finance & Insurance","Employees",1997,3036
"Eastern",52,"Finance & Insurance","Employees",1998,3043
"Eastern",52,"Finance & Insurance","Employees",1999,3106
"Eastern",52,"Finance & Insurance","Employees",2000,2833
"Eastern",52,"Finance & Insurance","Employees",2001,2698
"Eastern",52,"Finance & Insurance","Employees",2002,2702
"Eastern",52,"Finance & Insurance","Employees",2003,2774
"Eastern",52,"Finance & Insurance","Employees",2004,2793
"Eastern",52,"Finance & Insurance","Employees",2005,2757
"Eastern",52,"Finance & Insurance","Employees",2006,2781
"Eastern",52,"Finance & Insurance","Employees",2007,2761
"Eastern",52,"Finance & Insurance","Employees",2008,2720
"Eastern",52,"Finance & Insurance","Employees",2009,2631
"Eastern",52,"Finance & Insurance","Employees",2010,2660
"Eastern",52,"Finance & Insurance","Employees",2011,2621
"Eastern",52,"Finance & Insurance","Employees",2012,2635
"Eastern",52,"Finance & Insurance","Employees",2013,2663
"Eastern",54,"Professional, Scientific, & Technical Services","Employees",1990,6557
"Eastern",54,"Professional, Scientific, & Technical Services","Employees",1991,5842
"Eastern",54,"Professional, Scientific, & Technical Services","Employees",1992,6092
"Eastern",54,"Professional, Scientific, & Technical Services","Employees",1993,5904
"Eastern",54,"Professional, Scientific, & Technical Services","Employees",1994,5677
"Eastern",54,"Professional, Scientific, & Technical Services","Employees",1995,5719
"Eastern",54,"Professional, Scientific, & Technical Services","Employees",1996,5809
"Eastern",54,"Professional, Scientific, & Technical Services","Employees",1997,5728
"Eastern",54,"Professional, Scientific, & Technical Services","Employees",1998,5773
"Eastern",54,"Professional, Scientific, & Technical Services","Employees",1999,5727
"Eastern",54,"Professional, Scientific, & Technical Services","Employees",2000,5993
"Eastern",54,"Professional, Scientific, & Technical Services","Employees",2001,6490
"Eastern",54,"Professional, Scientific, & Technical Services","Employees",2002,7093
"Eastern",54,"Professional, Scientific, & Technical Services","Employees",2003,6824
"Eastern",54,"Professional, Scientific, & Technical Services","Employees",2004,6790
"Eastern",54,"Professional, Scientific, & Technical Services","Employees",2005,6775
"Eastern",54,"Professional, Scientific, & Technical Services","Employees",2006,6979
"Eastern",54,"Professional, Scientific, & Technical Services","Employees",2007,7028
"Eastern",54,"Professional, Scientific, & Technical Services","Employees",2008,7232
"Eastern",54,"Professional, Scientific, & Technical Services","Employees",2009,7011
"Eastern",54,"Professional, Scientific, & Technical Services","Employees",2010,6956
"Eastern",54,"Professional, Scientific, & Technical Services","Employees",2011,6765
"Eastern",54,"Professional, Scientific, & Technical Services","Employees",2012,6466
"Eastern",54,"Professional, Scientific, & Technical Services","Employees",2013,6255
"Eastern",61,"Educational Services","Employees",1990,17093
"Eastern",61,"Educational Services","Employees",1991,17123
"Eastern",61,"Educational Services","Employees",1992,17368
"Eastern",61,"Educational Services","Employees",1993,17686
"Eastern",61,"Educational Services","Employees",1994,18180
"Eastern",61,"Educational Services","Employees",1995,18725
"Eastern",61,"Educational Services","Employees",1996,19115
"Eastern",61,"Educational Services","Employees",1997,19417
"Eastern",61,"Educational Services","Employees",1998,19825
"Eastern",61,"Educational Services","Employees",1999,20636
"Eastern",61,"Educational Services","Employees",2000,21010
"Eastern",61,"Educational Services","Employees",2001,21792
"Eastern",61,"Educational Services","Employees",2002,22223
"Eastern",61,"Educational Services","Employees",2003,22096
"Eastern",61,"Educational Services","Employees",2004,21825
"Eastern",61,"Educational Services","Employees",2005,22225
"Eastern",61,"Educational Services","Employees",2006,23091
"Eastern",61,"Educational Services","Employees",2007,23388
"Eastern",61,"Educational Services","Employees",2008,23982
"Eastern",61,"Educational Services","Employees",2009,23944
"Eastern",61,"Educational Services","Employees",2010,23756
"Eastern",61,"Educational Services","Employees",2011,23574
"Eastern",61,"Educational Services","Employees",2012,23302
"Eastern",61,"Educational Services","Employees",2013,23081
"Eastern",62,"Health Care & Social Assistance","Employees",1990,17817
"Eastern",62,"Health Care & Social Assistance","Employees",1991,18368
"Eastern",62,"Health Care & Social Assistance","Employees",1992,18301
"Eastern",62,"Health Care & Social Assistance","Employees",1993,18395
"Eastern",62,"Health Care & Social Assistance","Employees",1994,18887
"Eastern",62,"Health Care & Social Assistance","Employees",1995,19172
"Eastern",62,"Health Care & Social Assistance","Employees",1996,19251
"Eastern",62,"Health Care & Social Assistance","Employees",1997,19698
"Eastern",62,"Health Care & Social Assistance","Employees",1998,20423
"Eastern",62,"Health Care & Social Assistance","Employees",1999,20460
"Eastern",62,"Health Care & Social Assistance","Employees",2000,21120
"Eastern",62,"Health Care & Social Assistance","Employees",2001,21461
"Eastern",62,"Health Care & Social Assistance","Employees",2002,22235
"Eastern",62,"Health Care & Social Assistance","Employees",2003,22570
"Eastern",62,"Health Care & Social Assistance","Employees",2004,22922
"Eastern",62,"Health Care & Social Assistance","Employees",2005,23259
"Eastern",62,"Health Care & Social Assistance","Employees",2006,23816
"Eastern",62,"Health Care & Social Assistance","Employees",2007,24701
"Eastern",62,"Health Care & Social Assistance","Employees",2008,25298
"Eastern",62,"Health Care & Social Assistance","Employees",2009,25538
"Eastern",62,"Health Care & Social Assistance","Employees",2010,25806
"Eastern",62,"Health Care & Social Assistance","Employees",2011,26550
"Eastern",62,"Health Care & Social Assistance","Employees",2012,27135
"Eastern",62,"Health Care & Social Assistance","Employees",2013,27420
"North Central",44,"Retail Trade","Employees",1990,61688
"North Central",44,"Retail Trade","Employees",1991,56586
"North Central",44,"Retail Trade","Employees",1992,54576
"North Central",44,"Retail Trade","Employees",1993,54362
"North Central",44,"Retail Trade","Employees",1994,54150
"North Central",44,"Retail Trade","Employees",1995,55430
"North Central",44,"Retail Trade","Employees",1996,55958
"North Central",44,"Retail Trade","Employees",1997,56907
"North Central",44,"Retail Trade","Employees",1998,55180
"North Central",44,"Retail Trade","Employees",1999,55743
"North Central",44,"Retail Trade","Employees",2000,55066
"North Central",44,"Retail Trade","Employees",2001,54646
"North Central",44,"Retail Trade","Employees",2002,55176
"North Central",44,"Retail Trade","Employees",2003,53135
"North Central",44,"Retail Trade","Employees",2004,54046
"North Central",44,"Retail Trade","Employees",2005,54717
"North Central",44,"Retail Trade","Employees",2006,54521
"North Central",44,"Retail Trade","Employees",2007,54418
"North Central",44,"Retail Trade","Employees",2008,54221
"North Central",44,"Retail Trade","Employees",2009,51252
"North Central",44,"Retail Trade","Employees",2010,51058
"North Central",44,"Retail Trade","Employees",2011,51566
"North Central",44,"Retail Trade","Employees",2012,52159
"North Central",44,"Retail Trade","Employees",2013,52380
"North Central",52,"Finance & Insurance","Employees",1990,72598
"North Central",52,"Finance & Insurance","Employees",1991,70676
"North Central",52,"Finance & Insurance","Employees",1992,67994
"North Central",52,"Finance & Insurance","Employees",1993,66354
"North Central",52,"Finance & Insurance","Employees",1994,62571
"North Central",52,"Finance & Insurance","Employees",1995,59050
"North Central",52,"Finance & Insurance","Employees",1996,54567
"North Central",52,"Finance & Insurance","Employees",1997,54735
"North Central",52,"Finance & Insurance","Employees",1998,58685
"North Central",52,"Finance & Insurance","Employees",1999,60022
"North Central",52,"Finance & Insurance","Employees",2000,59956
"North Central",52,"Finance & Insurance","Employees",2001,60611
"North Central",52,"Finance & Insurance","Employees",2002,60332
"North Central",52,"Finance & Insurance","Employees",2003,59121
"North Central",52,"Finance & Insurance","Employees",2004,57534
"North Central",52,"Finance & Insurance","Employees",2005,57442
"North Central",52,"Finance & Insurance","Employees",2006,57945
"North Central",52,"Finance & Insurance","Employees",2007,58063
"North Central",52,"Finance & Insurance","Employees",2008,57954
"North Central",52,"Finance & Insurance","Employees",2009,55993
"North Central",52,"Finance & Insurance","Employees",2010,56416
"North Central",52,"Finance & Insurance","Employees",2011,55504
"North Central",52,"Finance & Insurance","Employees",2012,54653
"North Central",52,"Finance & Insurance","Employees",2013,53063
"North Central",54,"Professional, Scientific, & Technical Services","Employees",1990,25465
"North Central",54,"Professional, Scientific, & Technical Services","Employees",1991,21898
"North Central",54,"Professional, Scientific, & Technical Services","Employees",1992,21611
"North Central",54,"Professional, Scientific, & Technical Services","Employees",1993,21542
"North Central",54,"Professional, Scientific, & Technical Services","Employees",1994,21530
"North Central",54,"Professional, Scientific, & Technical Services","Employees",1995,22178
"North Central",54,"Professional, Scientific, & Technical Services","Employees",1996,22726
"North Central",54,"Professional, Scientific, & Technical Services","Employees",1997,23672
"North Central",54,"Professional, Scientific, & Technical Services","Employees",1998,26028
"North Central",54,"Professional, Scientific, & Technical Services","Employees",1999,27127
"North Central",54,"Professional, Scientific, & Technical Services","Employees",2000,27514
"North Central",54,"Professional, Scientific, & Technical Services","Employees",2001,27513
"North Central",54,"Professional, Scientific, & Technical Services","Employees",2002,26341
"North Central",54,"Professional, Scientific, & Technical Services","Employees",2003,25768
"North Central",54,"Professional, Scientific, & Technical Services","Employees",2004,25521
"North Central",54,"Professional, Scientific, & Technical Services","Employees",2005,26271
"North Central",54,"Professional, Scientific, & Technical Services","Employees",2006,27690
"North Central",54,"Professional, Scientific, & Technical Services","Employees",2007,28471
"North Central",54,"Professional, Scientific, & Technical Services","Employees",2008,27993
"North Central",54,"Professional, Scientific, & Technical Services","Employees",2009,26736
"North Central",54,"Professional, Scientific, & Technical Services","Employees",2010,26792
"North Central",54,"Professional, Scientific, & Technical Services","Employees",2011,27720
"North Central",54,"Professional, Scientific, & Technical Services","Employees",2012,28714
"North Central",54,"Professional, Scientific, & Technical Services","Employees",2013,29129
"North Central",61,"Educational Services","Employees",1990,33120
"North Central",61,"Educational Services","Employees",1991,33629
"North Central",61,"Educational Services","Employees",1992,31866
"North Central",61,"Educational Services","Employees",1993,32101
"North Central",61,"Educational Services","Employees",1994,32792
"North Central",61,"Educational Services","Employees",1995,32838
"North Central",61,"Educational Services","Employees",1996,33432
"North Central",61,"Educational Services","Employees",1997,34570
"North Central",61,"Educational Services","Employees",1998,35283
"North Central",61,"Educational Services","Employees",1999,36876
"North Central",61,"Educational Services","Employees",2000,37780
"North Central",61,"Educational Services","Employees",2001,39261
"North Central",61,"Educational Services","Employees",2002,40604
"North Central",61,"Educational Services","Employees",2003,40143
"North Central",61,"Educational Services","Employees",2004,40572
"North Central",61,"Educational Services","Employees",2005,41338
"North Central",61,"Educational Services","Employees",2006,43039
"North Central",61,"Educational Services","Employees",2007,44034
"North Central",61,"Educational Services","Employees",2008,44227
"North Central",61,"Educational Services","Employees",2009,44400
"North Central",61,"Educational Services","Employees",2010,44559
"North Central",61,"Educational Services","Employees",2011,44947
"North Central",61,"Educational Services","Employees",2012,45110
"North Central",61,"Educational Services","Employees",2013,44134
"North Central",62,"Health Care & Social Assistance","Employees",1990,58788
"North Central",62,"Health Care & Social Assistance","Employees",1991,59647
"North Central",62,"Health Care & Social Assistance","Employees",1992,60662
"North Central",62,"Health Care & Social Assistance","Employees",1993,62434
"North Central",62,"Health Care & Social Assistance","Employees",1994,65414
"North Central",62,"Health Care & Social Assistance","Employees",1995,66231
"North Central",62,"Health Care & Social Assistance","Employees",1996,67585
"North Central",62,"Health Care & Social Assistance","Employees",1997,68652
"North Central",62,"Health Care & Social Assistance","Employees",1998,69243
"North Central",62,"Health Care & Social Assistance","Employees",1999,68503
"North Central",62,"Health Care & Social Assistance","Employees",2000,68047
"North Central",62,"Health Care & Social Assistance","Employees",2001,70058
"North Central",62,"Health Care & Social Assistance","Employees",2002,71299
"North Central",62,"Health Care & Social Assistance","Employees",2003,71142
"North Central",62,"Health Care & Social Assistance","Employees",2004,71962
"North Central",62,"Health Care & Social Assistance","Employees",2005,72763
"North Central",62,"Health Care & Social Assistance","Employees",2006,75123
"North Central",62,"Health Care & Social Assistance","Employees",2007,78120
"North Central",62,"Health Care & Social Assistance","Employees",2008,80177
"North Central",62,"Health Care & Social Assistance","Employees",2009,82042
"North Central",62,"Health Care & Social Assistance","Employees",2010,82798
"North Central",62,"Health Care & Social Assistance","Employees",2011,84109
"North Central",62,"Health Care & Social Assistance","Employees",2012,83238
"North Central",62,"Health Care & Social Assistance","Employees",2013,84631
"Northwest",44,"Retail Trade","Employees",1990,29536
"Northwest",44,"Retail Trade","Employees",1991,27842
"Northwest",44,"Retail Trade","Employees",1992,27909
"Northwest",44,"Retail Trade","Employees",1993,28046
"Northwest",44,"Retail Trade","Employees",1994,28354
"Northwest",44,"Retail Trade","Employees",1995,28950
"Northwest",44,"Retail Trade","Employees",1996,29540
"Northwest",44,"Retail Trade","Employees",1997,31223
"Northwest",44,"Retail Trade","Employees",1998,31460
"Northwest",44,"Retail Trade","Employees",1999,31828
"Northwest",44,"Retail Trade","Employees",2000,31682
"Northwest",44,"Retail Trade","Employees",2001,30895
"Northwest",44,"Retail Trade","Employees",2002,31054
"Northwest",44,"Retail Trade","Employees",2003,31593
"Northwest",44,"Retail Trade","Employees",2004,31655
"Northwest",44,"Retail Trade","Employees",2005,31408
"Northwest",44,"Retail Trade","Employees",2006,31740
"Northwest",44,"Retail Trade","Employees",2007,32000
"Northwest",44,"Retail Trade","Employees",2008,31301
"Northwest",44,"Retail Trade","Employees",2009,29606
"Northwest",44,"Retail Trade","Employees",2010,29465
"Northwest",44,"Retail Trade","Employees",2011,29922
"Northwest",44,"Retail Trade","Employees",2012,30538
"Northwest",44,"Retail Trade","Employees",2013,30801
"Northwest",52,"Finance & Insurance","Employees",1990,7537
"Northwest",52,"Finance & Insurance","Employees",1991,7144
"Northwest",52,"Finance & Insurance","Employees",1992,6875
"Northwest",52,"Finance & Insurance","Employees",1993,6998
"Northwest",52,"Finance & Insurance","Employees",1994,7209
"Northwest",52,"Finance & Insurance","Employees",1995,7026
"Northwest",52,"Finance & Insurance","Employees",1996,7144
"Northwest",52,"Finance & Insurance","Employees",1997,7287
"Northwest",52,"Finance & Insurance","Employees",1998,7583
"Northwest",52,"Finance & Insurance","Employees",1999,7550
"Northwest",52,"Finance & Insurance","Employees",2000,7350
"Northwest",52,"Finance & Insurance","Employees",2001,7333
"Northwest",52,"Finance & Insurance","Employees",2002,7271
"Northwest",52,"Finance & Insurance","Employees",2003,7369
"Northwest",52,"Finance & Insurance","Employees",2004,7241
"Northwest",52,"Finance & Insurance","Employees",2005,7336
"Northwest",52,"Finance & Insurance","Employees",2006,7300
"Northwest",52,"Finance & Insurance","Employees",2007,7179
"Northwest",52,"Finance & Insurance","Employees",2008,6688
"Northwest",52,"Finance & Insurance","Employees",2009,6309
"Northwest",52,"Finance & Insurance","Employees",2010,6058
"Northwest",52,"Finance & Insurance","Employees",2011,5979
"Northwest",52,"Finance & Insurance","Employees",2012,5866
"Northwest",52,"Finance & Insurance","Employees",2013,5814
"Northwest",54,"Professional, Scientific, & Technical Services","Employees",1990,6440
"Northwest",54,"Professional, Scientific, & Technical Services","Employees",1991,7558
"Northwest",54,"Professional, Scientific, & Technical Services","Employees",1992,8577
"Northwest",54,"Professional, Scientific, & Technical Services","Employees",1993,8299
"Northwest",54,"Professional, Scientific, & Technical Services","Employees",1994,8386
"Northwest",54,"Professional, Scientific, & Technical Services","Employees",1995,8546
"Northwest",54,"Professional, Scientific, & Technical Services","Employees",1996,9195
"Northwest",54,"Professional, Scientific, & Technical Services","Employees",1997,9735
"Northwest",54,"Professional, Scientific, & Technical Services","Employees",1998,9230
"Northwest",54,"Professional, Scientific, & Technical Services","Employees",1999,9683
"Northwest",54,"Professional, Scientific, & Technical Services","Employees",2000,11165
"Northwest",54,"Professional, Scientific, & Technical Services","Employees",2001,10811
"Northwest",54,"Professional, Scientific, & Technical Services","Employees",2002,10511
"Northwest",54,"Professional, Scientific, & Technical Services","Employees",2003,10357
"Northwest",54,"Professional, Scientific, & Technical Services","Employees",2004,10225
"Northwest",54,"Professional, Scientific, & Technical Services","Employees",2005,10085
"Northwest",54,"Professional, Scientific, & Technical Services","Employees",2006,10118
"Northwest",54,"Professional, Scientific, & Technical Services","Employees",2007,9844
"Northwest",54,"Professional, Scientific, & Technical Services","Employees",2008,9924
"Northwest",54,"Professional, Scientific, & Technical Services","Employees",2009,9233
"Northwest",54,"Professional, Scientific, & Technical Services","Employees",2010,8779
"Northwest",54,"Professional, Scientific, & Technical Services","Employees",2011,8787
"Northwest",54,"Professional, Scientific, & Technical Services","Employees",2012,9007
"Northwest",54,"Professional, Scientific, & Technical Services","Employees",2013,8884
"Northwest",61,"Educational Services","Employees",1990,16398
"Northwest",61,"Educational Services","Employees",1991,16594
"Northwest",61,"Educational Services","Employees",1992,15881
"Northwest",61,"Educational Services","Employees",1993,16152
"Northwest",61,"Educational Services","Employees",1994,16234
"Northwest",61,"Educational Services","Employees",1995,15864
"Northwest",61,"Educational Services","Employees",1996,16957
"Northwest",61,"Educational Services","Employees",1997,17315
"Northwest",61,"Educational Services","Employees",1998,17330
"Northwest",61,"Educational Services","Employees",1999,18662
"Northwest",61,"Educational Services","Employees",2000,18796
"Northwest",61,"Educational Services","Employees",2001,19507
"Northwest",61,"Educational Services","Employees",2002,20334
"Northwest",61,"Educational Services","Employees",2003,20469
"Northwest",61,"Educational Services","Employees",2004,20749
"Northwest",61,"Educational Services","Employees",2005,21176
"Northwest",61,"Educational Services","Employees",2006,21973
"Northwest",61,"Educational Services","Employees",2007,22205
"Northwest",61,"Educational Services","Employees",2008,22550
"Northwest",61,"Educational Services","Employees",2009,22507
"Northwest",61,"Educational Services","Employees",2010,22412
"Northwest",61,"Educational Services","Employees",2011,22623
"Northwest",61,"Educational Services","Employees",2012,22746
"Northwest",61,"Educational Services","Employees",2013,22627
"Northwest",62,"Health Care & Social Assistance","Employees",1990,28492
"Northwest",62,"Health Care & Social Assistance","Employees",1991,29619
"Northwest",62,"Health Care & Social Assistance","Employees",1992,29700
"Northwest",62,"Health Care & Social Assistance","Employees",1993,31423
"Northwest",62,"Health Care & Social Assistance","Employees",1994,31472
"Northwest",62,"Health Care & Social Assistance","Employees",1995,32098
"Northwest",62,"Health Care & Social Assistance","Employees",1996,32632
"Northwest",62,"Health Care & Social Assistance","Employees",1997,33053
"Northwest",62,"Health Care & Social Assistance","Employees",1998,34329
"Northwest",62,"Health Care & Social Assistance","Employees",1999,34894
"Northwest",62,"Health Care & Social Assistance","Employees",2000,34299
"Northwest",62,"Health Care & Social Assistance","Employees",2001,34196
"Northwest",62,"Health Care & Social Assistance","Employees",2002,35254
"Northwest",62,"Health Care & Social Assistance","Employees",2003,35780
"Northwest",62,"Health Care & Social Assistance","Employees",2004,35905
"Northwest",62,"Health Care & Social Assistance","Employees",2005,36371
"Northwest",62,"Health Care & Social Assistance","Employees",2006,37197
"Northwest",62,"Health Care & Social Assistance","Employees",2007,38359
"Northwest",62,"Health Care & Social Assistance","Employees",2008,39450
"Northwest",62,"Health Care & Social Assistance","Employees",2009,39845
"Northwest",62,"Health Care & Social Assistance","Employees",2010,40186
"Northwest",62,"Health Care & Social Assistance","Employees",2011,40651
"Northwest",62,"Health Care & Social Assistance","Employees",2012,40899
"Northwest",62,"Health Care & Social Assistance","Employees",2013,41065
"South Central",44,"Retail Trade","Employees",1990,39522
"South Central",44,"Retail Trade","Employees",1991,36576
"South Central",44,"Retail Trade","Employees",1992,34828
"South Central",44,"Retail Trade","Employees",1993,34556
"South Central",44,"Retail Trade","Employees",1994,35070
"South Central",44,"Retail Trade","Employees",1995,35120
"South Central",44,"Retail Trade","Employees",1996,36192
"South Central",44,"Retail Trade","Employees",1997,37564
"South Central",44,"Retail Trade","Employees",1998,38262
"South Central",44,"Retail Trade","Employees",1999,38365
"South Central",44,"Retail Trade","Employees",2000,38987
"South Central",44,"Retail Trade","Employees",2001,38640
"South Central",44,"Retail Trade","Employees",2002,39880
"South Central",44,"Retail Trade","Employees",2003,38959
"South Central",44,"Retail Trade","Employees",2004,39801
"South Central",44,"Retail Trade","Employees",2005,38502
"South Central",44,"Retail Trade","Employees",2006,39028
"South Central",44,"Retail Trade","Employees",2007,39043
"South Central",44,"Retail Trade","Employees",2008,37927
"South Central",44,"Retail Trade","Employees",2009,35945
"South Central",44,"Retail Trade","Employees",2010,36128
"South Central",44,"Retail Trade","Employees",2011,36383
"South Central",44,"Retail Trade","Employees",2012,36840
"South Central",44,"Retail Trade","Employees",2013,36859
"South Central",52,"Finance & Insurance","Employees",1990,22008
"South Central",52,"Finance & Insurance","Employees",1991,21341
"South Central",52,"Finance & Insurance","Employees",1992,19050
"South Central",52,"Finance & Insurance","Employees",1993,18644
"South Central",52,"Finance & Insurance","Employees",1994,18152
"South Central",52,"Finance & Insurance","Employees",1995,17707
"South Central",52,"Finance & Insurance","Employees",1996,17397
"South Central",52,"Finance & Insurance","Employees",1997,16843
"South Central",52,"Finance & Insurance","Employees",1998,16407
"South Central",52,"Finance & Insurance","Employees",1999,16084
"South Central",52,"Finance & Insurance","Employees",2000,16023
"South Central",52,"Finance & Insurance","Employees",2001,16595
"South Central",52,"Finance & Insurance","Employees",2002,16788
"South Central",52,"Finance & Insurance","Employees",2003,17195
"South Central",52,"Finance & Insurance","Employees",2004,17362
"South Central",52,"Finance & Insurance","Employees",2005,17224
"South Central",52,"Finance & Insurance","Employees",2006,17346
"South Central",52,"Finance & Insurance","Employees",2007,15859
"South Central",52,"Finance & Insurance","Employees",2008,14898
"South Central",52,"Finance & Insurance","Employees",2009,13645
"South Central",52,"Finance & Insurance","Employees",2010,10612
"South Central",52,"Finance & Insurance","Employees",2011,10272
"South Central",52,"Finance & Insurance","Employees",2012,10091
"South Central",52,"Finance & Insurance","Employees",2013,10050
"South Central",54,"Professional, Scientific, & Technical Services","Employees",1990,13140
"South Central",54,"Professional, Scientific, & Technical Services","Employees",1991,12477
"South Central",54,"Professional, Scientific, & Technical Services","Employees",1992,12901
"South Central",54,"Professional, Scientific, & Technical Services","Employees",1993,13034
"South Central",54,"Professional, Scientific, & Technical Services","Employees",1994,12971
"South Central",54,"Professional, Scientific, & Technical Services","Employees",1995,12656
"South Central",54,"Professional, Scientific, & Technical Services","Employees",1996,13481
"South Central",54,"Professional, Scientific, & Technical Services","Employees",1997,13536
"South Central",54,"Professional, Scientific, & Technical Services","Employees",1998,13586
"South Central",54,"Professional, Scientific, & Technical Services","Employees",1999,14069
"South Central",54,"Professional, Scientific, & Technical Services","Employees",2000,14383
"South Central",54,"Professional, Scientific, & Technical Services","Employees",2001,14135
"South Central",54,"Professional, Scientific, & Technical Services","Employees",2002,13987
"South Central",54,"Professional, Scientific, & Technical Services","Employees",2003,13534
"South Central",54,"Professional, Scientific, & Technical Services","Employees",2004,13399
"South Central",54,"Professional, Scientific, & Technical Services","Employees",2005,13273
"South Central",54,"Professional, Scientific, & Technical Services","Employees",2006,13285
"South Central",54,"Professional, Scientific, & Technical Services","Employees",2007,13233
"South Central",54,"Professional, Scientific, & Technical Services","Employees",2008,13814
"South Central",54,"Professional, Scientific, & Technical Services","Employees",2009,13243
"South Central",54,"Professional, Scientific, & Technical Services","Employees",2010,12977
"South Central",54,"Professional, Scientific, & Technical Services","Employees",2011,13090
"South Central",54,"Professional, Scientific, & Technical Services","Employees",2012,13294
"South Central",54,"Professional, Scientific, & Technical Services","Employees",2013,13651
"South Central",61,"Educational Services","Employees",1990,20882
"South Central",61,"Educational Services","Employees",1991,20836
"South Central",61,"Educational Services","Employees",1992,20198
"South Central",61,"Educational Services","Employees",1993,20493
"South Central",61,"Educational Services","Employees",1994,20891
"South Central",61,"Educational Services","Employees",1995,21977
"South Central",61,"Educational Services","Employees",1996,22805
"South Central",61,"Educational Services","Employees",1997,25618
"South Central",61,"Educational Services","Employees",1998,34007
"South Central",61,"Educational Services","Employees",1999,35910
"South Central",61,"Educational Services","Employees",2000,37801
"South Central",61,"Educational Services","Employees",2001,38005
"South Central",61,"Educational Services","Employees",2002,39154
"South Central",61,"Educational Services","Employees",2003,39892
"South Central",61,"Educational Services","Employees",2004,40253
"South Central",61,"Educational Services","Employees",2005,40688
"South Central",61,"Educational Services","Employees",2006,43327
"South Central",61,"Educational Services","Employees",2007,44114
"South Central",61,"Educational Services","Employees",2008,45594
"South Central",61,"Educational Services","Employees",2009,45805
"South Central",61,"Educational Services","Employees",2010,45966
"South Central",61,"Educational Services","Employees",2011,46953
"South Central",61,"Educational Services","Employees",2012,46818
"South Central",61,"Educational Services","Employees",2013,46412
"South Central",62,"Health Care & Social Assistance","Employees",1990,44795
"South Central",62,"Health Care & Social Assistance","Employees",1991,45129
"South Central",62,"Health Care & Social Assistance","Employees",1992,45827
"South Central",62,"Health Care & Social Assistance","Employees",1993,46384
"South Central",62,"Health Care & Social Assistance","Employees",1994,48650
"South Central",62,"Health Care & Social Assistance","Employees",1995,50115
"South Central",62,"Health Care & Social Assistance","Employees",1996,50421
"South Central",62,"Health Care & Social Assistance","Employees",1997,51139
"South Central",62,"Health Care & Social Assistance","Employees",1998,51831
"South Central",62,"Health Care & Social Assistance","Employees",1999,54204
"South Central",62,"Health Care & Social Assistance","Employees",2000,53600
"South Central",62,"Health Care & Social Assistance","Employees",2001,53910
"South Central",62,"Health Care & Social Assistance","Employees",2002,55867
"South Central",62,"Health Care & Social Assistance","Employees",2003,56142
"South Central",62,"Health Care & Social Assistance","Employees",2004,56885
"South Central",62,"Health Care & Social Assistance","Employees",2005,57895
"South Central",62,"Health Care & Social Assistance","Employees",2006,59213
"South Central",62,"Health Care & Social Assistance","Employees",2007,60421
"South Central",62,"Health Care & Social Assistance","Employees",2008,61548
"South Central",62,"Health Care & Social Assistance","Employees",2009,62840
"South Central",62,"Health Care & Social Assistance","Employees",2010,63450
"South Central",62,"Health Care & Social Assistance","Employees",2011,64335
"South Central",62,"Health Care & Social Assistance","Employees",2012,65943
"South Central",62,"Health Care & Social Assistance","Employees",2013,66801
"Southwest",44,"Retail Trade","Employees",1990,44213
"Southwest",44,"Retail Trade","Employees",1991,40453
"Southwest",44,"Retail Trade","Employees",1992,39202
"Southwest",44,"Retail Trade","Employees",1993,38803
"Southwest",44,"Retail Trade","Employees",1994,40406
"Southwest",44,"Retail Trade","Employees",1995,40452
"Southwest",44,"Retail Trade","Employees",1996,40763
"Southwest",44,"Retail Trade","Employees",1997,41585
"Southwest",44,"Retail Trade","Employees",1998,42515
"Southwest",44,"Retail Trade","Employees",1999,42809
"Southwest",44,"Retail Trade","Employees",2000,43669
"Southwest",44,"Retail Trade","Employees",2001,42113
"Southwest",44,"Retail Trade","Employees",2002,41529
"Southwest",44,"Retail Trade","Employees",2003,40807
"Southwest",44,"Retail Trade","Employees",2004,40786
"Southwest",44,"Retail Trade","Employees",2005,41060
"Southwest",44,"Retail Trade","Employees",2006,41250
"Southwest",44,"Retail Trade","Employees",2007,41096
"Southwest",44,"Retail Trade","Employees",2008,40513
"Southwest",44,"Retail Trade","Employees",2009,38038
"Southwest",44,"Retail Trade","Employees",2010,38167
"Southwest",44,"Retail Trade","Employees",2011,38684
"Southwest",44,"Retail Trade","Employees",2012,39066
"Southwest",44,"Retail Trade","Employees",2013,39080
"Southwest",52,"Finance & Insurance","Employees",1990,26274
"Southwest",52,"Finance & Insurance","Employees",1991,25255
"Southwest",52,"Finance & Insurance","Employees",1992,23588
"Southwest",52,"Finance & Insurance","Employees",1993,24239
"Southwest",52,"Finance & Insurance","Employees",1994,24911
"Southwest",52,"Finance & Insurance","Employees",1995,24761
"Southwest",52,"Finance & Insurance","Employees",1996,24873
"Southwest",52,"Finance & Insurance","Employees",1997,26312
"Southwest",52,"Finance & Insurance","Employees",1998,28701
"Southwest",52,"Finance & Insurance","Employees",1999,31196
"Southwest",52,"Finance & Insurance","Employees",2000,32350
"Southwest",52,"Finance & Insurance","Employees",2001,32321
"Southwest",52,"Finance & Insurance","Employees",2002,32536
"Southwest",52,"Finance & Insurance","Employees",2003,33305
"Southwest",52,"Finance & Insurance","Employees",2004,33162
"Southwest",52,"Finance & Insurance","Employees",2005,34469
"Southwest",52,"Finance & Insurance","Employees",2006,35174
"Southwest",52,"Finance & Insurance","Employees",2007,36687
"Southwest",52,"Finance & Insurance","Employees",2008,36912
"Southwest",52,"Finance & Insurance","Employees",2009,35135
"Southwest",52,"Finance & Insurance","Employees",2010,34777
"Southwest",52,"Finance & Insurance","Employees",2011,34809
"Southwest",52,"Finance & Insurance","Employees",2012,33937
"Southwest",52,"Finance & Insurance","Employees",2013,33527
"Southwest",54,"Professional, Scientific, & Technical Services","Employees",1990,23324
"Southwest",54,"Professional, Scientific, & Technical Services","Employees",1991,22934
"Southwest",54,"Professional, Scientific, & Technical Services","Employees",1992,22666
"Southwest",54,"Professional, Scientific, & Technical Services","Employees",1993,23301
"Southwest",54,"Professional, Scientific, & Technical Services","Employees",1994,23747
"Southwest",54,"Professional, Scientific, & Technical Services","Employees",1995,24449
"Southwest",54,"Professional, Scientific, & Technical Services","Employees",1996,25247
"Southwest",54,"Professional, Scientific, & Technical Services","Employees",1997,27142
"Southwest",54,"Professional, Scientific, & Technical Services","Employees",1998,28419
"Southwest",54,"Professional, Scientific, & Technical Services","Employees",1999,30082
"Southwest",54,"Professional, Scientific, & Technical Services","Employees",2000,31645
"Southwest",54,"Professional, Scientific, & Technical Services","Employees",2001,31010
"Southwest",54,"Professional, Scientific, & Technical Services","Employees",2002,28940
"Southwest",54,"Professional, Scientific, & Technical Services","Employees",2003,27725
"Southwest",54,"Professional, Scientific, & Technical Services","Employees",2004,27054
"Southwest",54,"Professional, Scientific, & Technical Services","Employees",2005,26901
"Southwest",54,"Professional, Scientific, & Technical Services","Employees",2006,27596
"Southwest",54,"Professional, Scientific, & Technical Services","Employees",2007,27752
"Southwest",54,"Professional, Scientific, & Technical Services","Employees",2008,27515
"Southwest",54,"Professional, Scientific, & Technical Services","Employees",2009,25738
"Southwest",54,"Professional, Scientific, & Technical Services","Employees",2010,25093
"Southwest",54,"Professional, Scientific, & Technical Services","Employees",2011,25853
"Southwest",54,"Professional, Scientific, & Technical Services","Employees",2012,24940
"Southwest",54,"Professional, Scientific, & Technical Services","Employees",2013,25073
"Southwest",61,"Educational Services","Employees",1990,22767
"Southwest",61,"Educational Services","Employees",1991,22350
"Southwest",61,"Educational Services","Employees",1992,19724
"Southwest",61,"Educational Services","Employees",1993,19905
"Southwest",61,"Educational Services","Employees",1994,21060
"Southwest",61,"Educational Services","Employees",1995,21298
"Southwest",61,"Educational Services","Employees",1996,21738
"Southwest",61,"Educational Services","Employees",1997,22730
"Southwest",61,"Educational Services","Employees",1998,23682
"Southwest",61,"Educational Services","Employees",1999,24293
"Southwest",61,"Educational Services","Employees",2000,24970
"Southwest",61,"Educational Services","Employees",2001,26267
"Southwest",61,"Educational Services","Employees",2002,27490
"Southwest",61,"Educational Services","Employees",2003,27824
"Southwest",61,"Educational Services","Employees",2004,28639
"Southwest",61,"Educational Services","Employees",2005,29025
"Southwest",61,"Educational Services","Employees",2006,29824
"Southwest",61,"Educational Services","Employees",2007,30546
"Southwest",61,"Educational Services","Employees",2008,31232
"Southwest",61,"Educational Services","Employees",2009,30734
"Southwest",61,"Educational Services","Employees",2010,30235
"Southwest",61,"Educational Services","Employees",2011,30483
"Southwest",61,"Educational Services","Employees",2012,30436
"Southwest",61,"Educational Services","Employees",2013,29897
"Southwest",62,"Health Care & Social Assistance","Employees",1990,30649
"Southwest",62,"Health Care & Social Assistance","Employees",1991,30823
"Southwest",62,"Health Care & Social Assistance","Employees",1992,33054
"Southwest",62,"Health Care & Social Assistance","Employees",1993,35205
"Southwest",62,"Health Care & Social Assistance","Employees",1994,36608
"Southwest",62,"Health Care & Social Assistance","Employees",1995,38580
"Southwest",62,"Health Care & Social Assistance","Employees",1996,40629
"Southwest",62,"Health Care & Social Assistance","Employees",1997,41426
"Southwest",62,"Health Care & Social Assistance","Employees",1998,42115
"Southwest",62,"Health Care & Social Assistance","Employees",1999,42637
"Southwest",62,"Health Care & Social Assistance","Employees",2000,43032
"Southwest",62,"Health Care & Social Assistance","Employees",2001,44231
"Southwest",62,"Health Care & Social Assistance","Employees",2002,45671
"Southwest",62,"Health Care & Social Assistance","Employees",2003,45522
"Southwest",62,"Health Care & Social Assistance","Employees",2004,45630
"Southwest",62,"Health Care & Social Assistance","Employees",2005,45956
"Southwest",62,"Health Care & Social Assistance","Employees",2006,46491
"Southwest",62,"Health Care & Social Assistance","Employees",2007,47262
"Southwest",62,"Health Care & Social Assistance","Employees",2008,48543
"Southwest",62,"Health Care & Social Assistance","Employees",2009,49254
"Southwest",62,"Health Care & Social Assistance","Employees",2010,50029
"Southwest",62,"Health Care & Social Assistance","Employees",2011,50485
"Southwest",62,"Health Care & Social Assistance","Employees",2012,51871
"Southwest",62,"Health Care & Social Assistance","Employees",2013,52976
"Eastern",31,"Manufacturing","Employees",1990,14788
"Eastern",31,"Manufacturing","Employees",1991,13643
"Eastern",31,"Manufacturing","Employees",1992,13502
"Eastern",31,"Manufacturing","Employees",1993,13864
"Eastern",31,"Manufacturing","Employees",1994,14501
"Eastern",31,"Manufacturing","Employees",1995,14539
"Eastern",31,"Manufacturing","Employees",1996,14266
"Eastern",31,"Manufacturing","Employees",1997,14447
"Eastern",31,"Manufacturing","Employees",1998,14469
"Eastern",31,"Manufacturing","Employees",1999,14381
"Eastern",31,"Manufacturing","Employees",2000,13943
"Eastern",31,"Manufacturing","Employees",2001,13112
"Eastern",31,"Manufacturing","Employees",2002,12067
"Eastern",31,"Manufacturing","Employees",2003,11549
"Eastern",31,"Manufacturing","Employees",2004,11316
"Eastern",31,"Manufacturing","Employees",2005,11160
"Eastern",31,"Manufacturing","Employees",2006,10984
"Eastern",31,"Manufacturing","Employees",2007,10784
"Eastern",31,"Manufacturing","Employees",2008,10077
"Eastern",31,"Manufacturing","Employees",2009,8701
"Eastern",31,"Manufacturing","Employees",2010,8572
"Eastern",31,"Manufacturing","Employees",2011,8723
"Eastern",31,"Manufacturing","Employees",2012,11259
"Eastern",31,"Manufacturing","Employees",2013,11042
"North Central",31,"Manufacturing","Employees",1990,96520
"North Central",31,"Manufacturing","Employees",1991,93051
"North Central",31,"Manufacturing","Employees",1992,86931
"North Central",31,"Manufacturing","Employees",1993,82059
"North Central",31,"Manufacturing","Employees",1994,78169
"North Central",31,"Manufacturing","Employees",1995,74550
"North Central",31,"Manufacturing","Employees",1996,74901
"North Central",31,"Manufacturing","Employees",1997,76192
"North Central",31,"Manufacturing","Employees",1998,77196
"North Central",31,"Manufacturing","Employees",1999,74716
"North Central",31,"Manufacturing","Employees",2000,73745
"North Central",31,"Manufacturing","Employees",2001,71585
"North Central",31,"Manufacturing","Employees",2002,67020
"North Central",31,"Manufacturing","Employees",2003,63156
"North Central",31,"Manufacturing","Employees",2004,63095
"North Central",31,"Manufacturing","Employees",2005,63268
"North Central",31,"Manufacturing","Employees",2006,63601
"North Central",31,"Manufacturing","Employees",2007,63771
"North Central",31,"Manufacturing","Employees",2008,63026
"North Central",31,"Manufacturing","Employees",2009,58086
"North Central",31,"Manufacturing","Employees",2010,55824
"North Central",31,"Manufacturing","Employees",2011,56590
"North Central",31,"Manufacturing","Employees",2012,56905
"North Central",31,"Manufacturing","Employees",2013,56404
"Northwest",31,"Manufacturing","Employees",1990,49668
"Northwest",31,"Manufacturing","Employees",1991,45770
"Northwest",31,"Manufacturing","Employees",1992,44045
"Northwest",31,"Manufacturing","Employees",1993,42595
"Northwest",31,"Manufacturing","Employees",1994,42193
"Northwest",31,"Manufacturing","Employees",1995,42100
"Northwest",31,"Manufacturing","Employees",1996,41664
"Northwest",31,"Manufacturing","Employees",1997,42057
"Northwest",31,"Manufacturing","Employees",1998,42715
"Northwest",31,"Manufacturing","Employees",1999,41295
"Northwest",31,"Manufacturing","Employees",2000,40691
"Northwest",31,"Manufacturing","Employees",2001,38235
"Northwest",31,"Manufacturing","Employees",2002,34801
"Northwest",31,"Manufacturing","Employees",2003,33588
"Northwest",31,"Manufacturing","Employees",2004,32431
"Northwest",31,"Manufacturing","Employees",2005,31647
"Northwest",31,"Manufacturing","Employees",2006,31705
"Northwest",31,"Manufacturing","Employees",2007,31664
"Northwest",31,"Manufacturing","Employees",2008,30856
"Northwest",31,"Manufacturing","Employees",2009,27192
"Northwest",31,"Manufacturing","Employees",2010,26458
"Northwest",31,"Manufacturing","Employees",2011,26798
"Northwest",31,"Manufacturing","Employees",2012,26771
"Northwest",31,"Manufacturing","Employees",2013,26806
"South Central",31,"Manufacturing","Employees",1990,53489
"South Central",31,"Manufacturing","Employees",1991,52422
"South Central",31,"Manufacturing","Employees",1992,50936
"South Central",31,"Manufacturing","Employees",1993,49711
"South Central",31,"Manufacturing","Employees",1994,47940
"South Central",31,"Manufacturing","Employees",1995,48414
"South Central",31,"Manufacturing","Employees",1996,48816
"South Central",31,"Manufacturing","Employees",1997,51175
"South Central",31,"Manufacturing","Employees",1998,50860
"South Central",31,"Manufacturing","Employees",1999,50274
"South Central",31,"Manufacturing","Employees",2000,49901
"South Central",31,"Manufacturing","Employees",2001,49034
"South Central",31,"Manufacturing","Employees",2002,45804
"South Central",31,"Manufacturing","Employees",2003,42004
"South Central",31,"Manufacturing","Employees",2004,41488
"South Central",31,"Manufacturing","Employees",2005,40703
"South Central",31,"Manufacturing","Employees",2006,40093
"South Central",31,"Manufacturing","Employees",2007,39373
"South Central",31,"Manufacturing","Employees",2008,38496
"South Central",31,"Manufacturing","Employees",2009,34538
"South Central",31,"Manufacturing","Employees",2010,33216
"South Central",31,"Manufacturing","Employees",2011,32925
"South Central",31,"Manufacturing","Employees",2012,32963
"South Central",31,"Manufacturing","Employees",2013,32661
"Southwest",31,"Manufacturing","Employees",1990,64605
"Southwest",31,"Manufacturing","Employees",1991,56837
"Southwest",31,"Manufacturing","Employees",1992,57525
"Southwest",31,"Manufacturing","Employees",1993,55035
"Southwest",31,"Manufacturing","Employees",1994,52442
"Southwest",31,"Manufacturing","Employees",1995,50514
"Southwest",31,"Manufacturing","Employees",1996,48403
"Southwest",31,"Manufacturing","Employees",1997,47608
"Southwest",31,"Manufacturing","Employees",1998,46587
"Southwest",31,"Manufacturing","Employees",1999,44115
"Southwest",31,"Manufacturing","Employees",2000,42455
"Southwest",31,"Manufacturing","Employees",2001,40964
"Southwest",31,"Manufacturing","Employees",2002,37934
"Southwest",31,"Manufacturing","Employees",2003,35491
"Southwest",31,"Manufacturing","Employees",2004,34929
"Southwest",31,"Manufacturing","Employees",2005,34350
"Southwest",31,"Manufacturing","Employees",2006,33230
"Southwest",31,"Manufacturing","Employees",2007,32418
"Southwest",31,"Manufacturing","Employees",2008,31669
"Southwest",31,"Manufacturing","Employees",2009,29666
"Southwest",31,"Manufacturing","Employees",2010,28742
"Southwest",31,"Manufacturing","Employees",2011,28541
"Southwest",31,"Manufacturing","Employees",2012,27598
"Southwest",31,"Manufacturing","Employees",2013,27011
